logical_id,logical_figure_name,figure_file,size_bytes,sha256
F01,phase41_pubmedqa_correctness_by_condition,F01.png,143696,cf37e02b6112be791a8bfacf4ba55ae1ead57774d88e795e6a6e4d98835d348a
F02,phase41_hotpotqa_correctness_by_condition,F02.png,137336,9bf89b463ed01add2a67bd33e2414929a6b0a4fce627965879e05fe12c0a50dd
F03,phase41_asqa_correctness_by_condition,F03.png,136677,cbe8c9a5e44a62fea86e734f49cd1a685744b54159c25b1d59faf6bc2bebea2d
F04,phase41_pubmedqa_correctness_by_llm,F04.png,140663,cc89049e48e6a6e81fd86cdd77dc2aeb8af520563aef1c3da22bf2c999a0e29f
F05,phase41_hotpotqa_correctness_by_llm,F05.png,133646,e925984359bc7ab39031be9cb373f80a87d05889d12ce453ee3cdd5f5603a940
F06,phase41_asqa_correctness_by_llm,F06.png,133918,3fe7ef5d581d327bc54c1728b44c8cc42af049af7fa03b30b058f8cdff9fe8a2
F07,phase42_faithfulness_by_condition,F07.png,193235,1a176818004788695098c93ca3ef01f69c7f4a36a7cd0d9a4e19568c81f2191c
F08,phase42_hallucination_by_condition,F08.png,194100,3934ad9ccb9bb55e3a44dba85801a3cb2be07128303c42bfc5a03025aead6ca4
F09,phase42_faithfulness_by_llm,F09.png,183236,410da380d481d362fa633481476ca0ca8e003c260ccc6b9627a45f8c0334d2e6
F10,phase42_hallucination_by_llm,F10.png,209794,b409dbfc0bba91dfe27ae15cf4ad0f489d273388a1af2dc8130e4c4a431468a1
F11,phase43_pubmedqa_coverage_by_condition,F11.png,140136,a2f044ea63c92c893adf825eb333931b2d535e52d3b84d6f2516e255d77fda2a
F12,phase43_hotpotqa_coverage_by_condition,F12.png,143507,46386dc41e640a9b3920f307c5484d970d423187d53cb8d7f3b567752e80756f
F13,phase43_asqa_coverage_by_condition,F13.png,123096,f5e48f9aa014b4a7953ecc6f44b6eea6bcc363847cbdd205cb68e1fc40220054
F14,phase44_retrieval_diversity_by_condition,F14.png,362352,feecada2f83c53d0a07ed9dacae9f973810a9d51c1d2a79a229d1e27664a4546
F15,phase45_asqa_output_diversity_by_condition,F15.png,166736,37357d0bd2b0f53ed8c5816f5128096614857a778e72be3ea0027a960b6c7616
F16,phase45_asqa_output_diversity_by_llm,F16.png,163926,742c9c9f36dee80ba4b8f7cedfc5d7dd872a6448de6649c7e2a6a24a7c77a1e2
F17,phase51_cross_dataset_delta_correctness,F17.png,278132,d4855cff0d4ded3e5e5a64c57e5b10e650dde790b8c97975eea9b2407c966844
F18,phase52_cross_dataset_delta_faithfulness,F18.png,267321,2467820c2013b75b8f50f5f718d66d7761ee778deeda0d6f8254dd9f519849c8
F19,phase52_cross_dataset_delta_hallucination,F19.png,289867,bb1372c656fbb00110574c857de336b203a2d79bc52e4afa0ab4ac9f970fceeb
F20,phase53_overall_association_summary,F20.png,105047,da6a43bb5efff8cd974c13415f068984272cb4b295bc7f52a9b6d1113eb280a8
F21,phase53_operating_points_context_output,F21.png,123236,2761a43fc2e5c8d1f2842d99da5e04f58afd1235188479b596b476ad309dc343
F22,phase54_robustness_cross_phase_summary,F22.png,111843,d58a3c4ddbaf686b5c8f51b25b5849ec023ac8022557da5ccb757786583d0f93
