dataset,split,population_role,population_size,corpus_source,corpus_size,corpus_unit,retriever,condition,diversification_family,diversification_parameter,logical_generator,physical_generator,candidate_pool,final_top_k,temperature,max_tokens,expected_generation_artifacts,baseline,execution_status,note
pubmedqa,train,FULL_SPLIT_SOURCE_ORDER,1000,qiaojin/PubMedQA pqa_labeled,3358,context_section,bm25,none,none,,gemma4-26b,gemma4-26b,20,5,0,256,1000,YES,COMPLETE_FROZEN,"Complete PQA-L labeled population; shared 3,358-section corpus."
pubmedqa,train,FULL_SPLIT_SOURCE_ORDER,1000,qiaojin/PubMedQA pqa_labeled,3358,context_section,bm25,none,none,,llama-3.3-70b,llama-3.3-70b,20,5,0,256,1000,YES,COMPLETE_FROZEN,"Complete PQA-L labeled population; shared 3,358-section corpus."
pubmedqa,train,FULL_SPLIT_SOURCE_ORDER,1000,qiaojin/PubMedQA pqa_labeled,3358,context_section,bm25,none,none,,ministral-3-14b,qwen3.6-36b,20,5,0,256,1000,YES,COMPLETE_FROZEN,"Complete PQA-L labeled population; shared 3,358-section corpus."
pubmedqa,train,FULL_SPLIT_SOURCE_ORDER,1000,qiaojin/PubMedQA pqa_labeled,3358,context_section,bm25,mmr_0,mmr,lambda=0,gemma4-26b,gemma4-26b,20,5,0,256,1000,NO,COMPLETE_FROZEN,"Complete PQA-L labeled population; shared 3,358-section corpus."
pubmedqa,train,FULL_SPLIT_SOURCE_ORDER,1000,qiaojin/PubMedQA pqa_labeled,3358,context_section,bm25,mmr_0,mmr,lambda=0,llama-3.3-70b,llama-3.3-70b,20,5,0,256,1000,NO,COMPLETE_FROZEN,"Complete PQA-L labeled population; shared 3,358-section corpus."
pubmedqa,train,FULL_SPLIT_SOURCE_ORDER,1000,qiaojin/PubMedQA pqa_labeled,3358,context_section,bm25,mmr_0,mmr,lambda=0,ministral-3-14b,qwen3.6-36b,20,5,0,256,1000,NO,COMPLETE_FROZEN,"Complete PQA-L labeled population; shared 3,358-section corpus."
pubmedqa,train,FULL_SPLIT_SOURCE_ORDER,1000,qiaojin/PubMedQA pqa_labeled,3358,context_section,bm25,mmr_0.25,mmr,lambda=0.25,gemma4-26b,gemma4-26b,20,5,0,256,1000,NO,COMPLETE_FROZEN,"Complete PQA-L labeled population; shared 3,358-section corpus."
pubmedqa,train,FULL_SPLIT_SOURCE_ORDER,1000,qiaojin/PubMedQA pqa_labeled,3358,context_section,bm25,mmr_0.25,mmr,lambda=0.25,llama-3.3-70b,llama-3.3-70b,20,5,0,256,1000,NO,COMPLETE_FROZEN,"Complete PQA-L labeled population; shared 3,358-section corpus."
pubmedqa,train,FULL_SPLIT_SOURCE_ORDER,1000,qiaojin/PubMedQA pqa_labeled,3358,context_section,bm25,mmr_0.25,mmr,lambda=0.25,ministral-3-14b,qwen3.6-36b,20,5,0,256,1000,NO,COMPLETE_FROZEN,"Complete PQA-L labeled population; shared 3,358-section corpus."
pubmedqa,train,FULL_SPLIT_SOURCE_ORDER,1000,qiaojin/PubMedQA pqa_labeled,3358,context_section,bm25,mmr_0.5,mmr,lambda=0.5,gemma4-26b,gemma4-26b,20,5,0,256,1000,NO,COMPLETE_FROZEN,"Complete PQA-L labeled population; shared 3,358-section corpus."
pubmedqa,train,FULL_SPLIT_SOURCE_ORDER,1000,qiaojin/PubMedQA pqa_labeled,3358,context_section,bm25,mmr_0.5,mmr,lambda=0.5,llama-3.3-70b,llama-3.3-70b,20,5,0,256,1000,NO,COMPLETE_FROZEN,"Complete PQA-L labeled population; shared 3,358-section corpus."
pubmedqa,train,FULL_SPLIT_SOURCE_ORDER,1000,qiaojin/PubMedQA pqa_labeled,3358,context_section,bm25,mmr_0.5,mmr,lambda=0.5,ministral-3-14b,qwen3.6-36b,20,5,0,256,1000,NO,COMPLETE_FROZEN,"Complete PQA-L labeled population; shared 3,358-section corpus."
pubmedqa,train,FULL_SPLIT_SOURCE_ORDER,1000,qiaojin/PubMedQA pqa_labeled,3358,context_section,bm25,mmr_0.75,mmr,lambda=0.75,gemma4-26b,gemma4-26b,20,5,0,256,1000,NO,COMPLETE_FROZEN,"Complete PQA-L labeled population; shared 3,358-section corpus."
pubmedqa,train,FULL_SPLIT_SOURCE_ORDER,1000,qiaojin/PubMedQA pqa_labeled,3358,context_section,bm25,mmr_0.75,mmr,lambda=0.75,llama-3.3-70b,llama-3.3-70b,20,5,0,256,1000,NO,COMPLETE_FROZEN,"Complete PQA-L labeled population; shared 3,358-section corpus."
pubmedqa,train,FULL_SPLIT_SOURCE_ORDER,1000,qiaojin/PubMedQA pqa_labeled,3358,context_section,bm25,mmr_0.75,mmr,lambda=0.75,ministral-3-14b,qwen3.6-36b,20,5,0,256,1000,NO,COMPLETE_FROZEN,"Complete PQA-L labeled population; shared 3,358-section corpus."
pubmedqa,train,FULL_SPLIT_SOURCE_ORDER,1000,qiaojin/PubMedQA pqa_labeled,3358,context_section,bm25,kmeans_k2,kmeans,k=2,gemma4-26b,gemma4-26b,20,5,0,256,1000,NO,COMPLETE_FROZEN,"Complete PQA-L labeled population; shared 3,358-section corpus."
pubmedqa,train,FULL_SPLIT_SOURCE_ORDER,1000,qiaojin/PubMedQA pqa_labeled,3358,context_section,bm25,kmeans_k2,kmeans,k=2,llama-3.3-70b,llama-3.3-70b,20,5,0,256,1000,NO,COMPLETE_FROZEN,"Complete PQA-L labeled population; shared 3,358-section corpus."
pubmedqa,train,FULL_SPLIT_SOURCE_ORDER,1000,qiaojin/PubMedQA pqa_labeled,3358,context_section,bm25,kmeans_k2,kmeans,k=2,ministral-3-14b,qwen3.6-36b,20,5,0,256,1000,NO,COMPLETE_FROZEN,"Complete PQA-L labeled population; shared 3,358-section corpus."
pubmedqa,train,FULL_SPLIT_SOURCE_ORDER,1000,qiaojin/PubMedQA pqa_labeled,3358,context_section,bm25,agglo_k3,agglomerative,k=3,gemma4-26b,gemma4-26b,20,5,0,256,1000,NO,COMPLETE_FROZEN,"Complete PQA-L labeled population; shared 3,358-section corpus."
pubmedqa,train,FULL_SPLIT_SOURCE_ORDER,1000,qiaojin/PubMedQA pqa_labeled,3358,context_section,bm25,agglo_k3,agglomerative,k=3,llama-3.3-70b,llama-3.3-70b,20,5,0,256,1000,NO,COMPLETE_FROZEN,"Complete PQA-L labeled population; shared 3,358-section corpus."
pubmedqa,train,FULL_SPLIT_SOURCE_ORDER,1000,qiaojin/PubMedQA pqa_labeled,3358,context_section,bm25,agglo_k3,agglomerative,k=3,ministral-3-14b,qwen3.6-36b,20,5,0,256,1000,NO,COMPLETE_FROZEN,"Complete PQA-L labeled population; shared 3,358-section corpus."
pubmedqa,train,FULL_SPLIT_SOURCE_ORDER,1000,qiaojin/PubMedQA pqa_labeled,3358,context_section,bm25,dpp_map,dpp,MAP,gemma4-26b,gemma4-26b,20,5,0,256,1000,NO,COMPLETE_FROZEN,"Complete PQA-L labeled population; shared 3,358-section corpus."
pubmedqa,train,FULL_SPLIT_SOURCE_ORDER,1000,qiaojin/PubMedQA pqa_labeled,3358,context_section,bm25,dpp_map,dpp,MAP,llama-3.3-70b,llama-3.3-70b,20,5,0,256,1000,NO,COMPLETE_FROZEN,"Complete PQA-L labeled population; shared 3,358-section corpus."
pubmedqa,train,FULL_SPLIT_SOURCE_ORDER,1000,qiaojin/PubMedQA pqa_labeled,3358,context_section,bm25,dpp_map,dpp,MAP,ministral-3-14b,qwen3.6-36b,20,5,0,256,1000,NO,COMPLETE_FROZEN,"Complete PQA-L labeled population; shared 3,358-section corpus."
pubmedqa,train,FULL_SPLIT_SOURCE_ORDER,1000,qiaojin/PubMedQA pqa_labeled,3358,context_section,dpr,none,none,,gemma4-26b,gemma4-26b,20,5,0,256,1000,YES,COMPLETE_FROZEN,"Complete PQA-L labeled population; shared 3,358-section corpus."
pubmedqa,train,FULL_SPLIT_SOURCE_ORDER,1000,qiaojin/PubMedQA pqa_labeled,3358,context_section,dpr,none,none,,llama-3.3-70b,llama-3.3-70b,20,5,0,256,1000,YES,COMPLETE_FROZEN,"Complete PQA-L labeled population; shared 3,358-section corpus."
pubmedqa,train,FULL_SPLIT_SOURCE_ORDER,1000,qiaojin/PubMedQA pqa_labeled,3358,context_section,dpr,none,none,,ministral-3-14b,qwen3.6-36b,20,5,0,256,1000,YES,COMPLETE_FROZEN,"Complete PQA-L labeled population; shared 3,358-section corpus."
pubmedqa,train,FULL_SPLIT_SOURCE_ORDER,1000,qiaojin/PubMedQA pqa_labeled,3358,context_section,dpr,mmr_0,mmr,lambda=0,gemma4-26b,gemma4-26b,20,5,0,256,1000,NO,COMPLETE_FROZEN,"Complete PQA-L labeled population; shared 3,358-section corpus."
pubmedqa,train,FULL_SPLIT_SOURCE_ORDER,1000,qiaojin/PubMedQA pqa_labeled,3358,context_section,dpr,mmr_0,mmr,lambda=0,llama-3.3-70b,llama-3.3-70b,20,5,0,256,1000,NO,COMPLETE_FROZEN,"Complete PQA-L labeled population; shared 3,358-section corpus."
pubmedqa,train,FULL_SPLIT_SOURCE_ORDER,1000,qiaojin/PubMedQA pqa_labeled,3358,context_section,dpr,mmr_0,mmr,lambda=0,ministral-3-14b,qwen3.6-36b,20,5,0,256,1000,NO,COMPLETE_FROZEN,"Complete PQA-L labeled population; shared 3,358-section corpus."
pubmedqa,train,FULL_SPLIT_SOURCE_ORDER,1000,qiaojin/PubMedQA pqa_labeled,3358,context_section,dpr,mmr_0.25,mmr,lambda=0.25,gemma4-26b,gemma4-26b,20,5,0,256,1000,NO,COMPLETE_FROZEN,"Complete PQA-L labeled population; shared 3,358-section corpus."
pubmedqa,train,FULL_SPLIT_SOURCE_ORDER,1000,qiaojin/PubMedQA pqa_labeled,3358,context_section,dpr,mmr_0.25,mmr,lambda=0.25,llama-3.3-70b,llama-3.3-70b,20,5,0,256,1000,NO,COMPLETE_FROZEN,"Complete PQA-L labeled population; shared 3,358-section corpus."
pubmedqa,train,FULL_SPLIT_SOURCE_ORDER,1000,qiaojin/PubMedQA pqa_labeled,3358,context_section,dpr,mmr_0.25,mmr,lambda=0.25,ministral-3-14b,qwen3.6-36b,20,5,0,256,1000,NO,COMPLETE_FROZEN,"Complete PQA-L labeled population; shared 3,358-section corpus."
pubmedqa,train,FULL_SPLIT_SOURCE_ORDER,1000,qiaojin/PubMedQA pqa_labeled,3358,context_section,dpr,mmr_0.5,mmr,lambda=0.5,gemma4-26b,gemma4-26b,20,5,0,256,1000,NO,COMPLETE_FROZEN,"Complete PQA-L labeled population; shared 3,358-section corpus."
pubmedqa,train,FULL_SPLIT_SOURCE_ORDER,1000,qiaojin/PubMedQA pqa_labeled,3358,context_section,dpr,mmr_0.5,mmr,lambda=0.5,llama-3.3-70b,llama-3.3-70b,20,5,0,256,1000,NO,COMPLETE_FROZEN,"Complete PQA-L labeled population; shared 3,358-section corpus."
pubmedqa,train,FULL_SPLIT_SOURCE_ORDER,1000,qiaojin/PubMedQA pqa_labeled,3358,context_section,dpr,mmr_0.5,mmr,lambda=0.5,ministral-3-14b,qwen3.6-36b,20,5,0,256,1000,NO,COMPLETE_FROZEN,"Complete PQA-L labeled population; shared 3,358-section corpus."
pubmedqa,train,FULL_SPLIT_SOURCE_ORDER,1000,qiaojin/PubMedQA pqa_labeled,3358,context_section,dpr,mmr_0.75,mmr,lambda=0.75,gemma4-26b,gemma4-26b,20,5,0,256,1000,NO,COMPLETE_FROZEN,"Complete PQA-L labeled population; shared 3,358-section corpus."
pubmedqa,train,FULL_SPLIT_SOURCE_ORDER,1000,qiaojin/PubMedQA pqa_labeled,3358,context_section,dpr,mmr_0.75,mmr,lambda=0.75,llama-3.3-70b,llama-3.3-70b,20,5,0,256,1000,NO,COMPLETE_FROZEN,"Complete PQA-L labeled population; shared 3,358-section corpus."
pubmedqa,train,FULL_SPLIT_SOURCE_ORDER,1000,qiaojin/PubMedQA pqa_labeled,3358,context_section,dpr,mmr_0.75,mmr,lambda=0.75,ministral-3-14b,qwen3.6-36b,20,5,0,256,1000,NO,COMPLETE_FROZEN,"Complete PQA-L labeled population; shared 3,358-section corpus."
pubmedqa,train,FULL_SPLIT_SOURCE_ORDER,1000,qiaojin/PubMedQA pqa_labeled,3358,context_section,dpr,kmeans_k2,kmeans,k=2,gemma4-26b,gemma4-26b,20,5,0,256,1000,NO,COMPLETE_FROZEN,"Complete PQA-L labeled population; shared 3,358-section corpus."
pubmedqa,train,FULL_SPLIT_SOURCE_ORDER,1000,qiaojin/PubMedQA pqa_labeled,3358,context_section,dpr,kmeans_k2,kmeans,k=2,llama-3.3-70b,llama-3.3-70b,20,5,0,256,1000,NO,COMPLETE_FROZEN,"Complete PQA-L labeled population; shared 3,358-section corpus."
pubmedqa,train,FULL_SPLIT_SOURCE_ORDER,1000,qiaojin/PubMedQA pqa_labeled,3358,context_section,dpr,kmeans_k2,kmeans,k=2,ministral-3-14b,qwen3.6-36b,20,5,0,256,1000,NO,COMPLETE_FROZEN,"Complete PQA-L labeled population; shared 3,358-section corpus."
pubmedqa,train,FULL_SPLIT_SOURCE_ORDER,1000,qiaojin/PubMedQA pqa_labeled,3358,context_section,dpr,agglo_k3,agglomerative,k=3,gemma4-26b,gemma4-26b,20,5,0,256,1000,NO,COMPLETE_FROZEN,"Complete PQA-L labeled population; shared 3,358-section corpus."
pubmedqa,train,FULL_SPLIT_SOURCE_ORDER,1000,qiaojin/PubMedQA pqa_labeled,3358,context_section,dpr,agglo_k3,agglomerative,k=3,llama-3.3-70b,llama-3.3-70b,20,5,0,256,1000,NO,COMPLETE_FROZEN,"Complete PQA-L labeled population; shared 3,358-section corpus."
pubmedqa,train,FULL_SPLIT_SOURCE_ORDER,1000,qiaojin/PubMedQA pqa_labeled,3358,context_section,dpr,agglo_k3,agglomerative,k=3,ministral-3-14b,qwen3.6-36b,20,5,0,256,1000,NO,COMPLETE_FROZEN,"Complete PQA-L labeled population; shared 3,358-section corpus."
pubmedqa,train,FULL_SPLIT_SOURCE_ORDER,1000,qiaojin/PubMedQA pqa_labeled,3358,context_section,dpr,dpp_map,dpp,MAP,gemma4-26b,gemma4-26b,20,5,0,256,1000,NO,COMPLETE_FROZEN,"Complete PQA-L labeled population; shared 3,358-section corpus."
pubmedqa,train,FULL_SPLIT_SOURCE_ORDER,1000,qiaojin/PubMedQA pqa_labeled,3358,context_section,dpr,dpp_map,dpp,MAP,llama-3.3-70b,llama-3.3-70b,20,5,0,256,1000,NO,COMPLETE_FROZEN,"Complete PQA-L labeled population; shared 3,358-section corpus."
pubmedqa,train,FULL_SPLIT_SOURCE_ORDER,1000,qiaojin/PubMedQA pqa_labeled,3358,context_section,dpr,dpp_map,dpp,MAP,ministral-3-14b,qwen3.6-36b,20,5,0,256,1000,NO,COMPLETE_FROZEN,"Complete PQA-L labeled population; shared 3,358-section corpus."
pubmedqa,train,FULL_SPLIT_SOURCE_ORDER,1000,qiaojin/PubMedQA pqa_labeled,3358,context_section,contriever,none,none,,gemma4-26b,gemma4-26b,20,5,0,256,1000,YES,COMPLETE_FROZEN,"Complete PQA-L labeled population; shared 3,358-section corpus."
pubmedqa,train,FULL_SPLIT_SOURCE_ORDER,1000,qiaojin/PubMedQA pqa_labeled,3358,context_section,contriever,none,none,,llama-3.3-70b,llama-3.3-70b,20,5,0,256,1000,YES,COMPLETE_FROZEN,"Complete PQA-L labeled population; shared 3,358-section corpus."
pubmedqa,train,FULL_SPLIT_SOURCE_ORDER,1000,qiaojin/PubMedQA pqa_labeled,3358,context_section,contriever,none,none,,ministral-3-14b,qwen3.6-36b,20,5,0,256,1000,YES,COMPLETE_FROZEN,"Complete PQA-L labeled population; shared 3,358-section corpus."
pubmedqa,train,FULL_SPLIT_SOURCE_ORDER,1000,qiaojin/PubMedQA pqa_labeled,3358,context_section,contriever,mmr_0,mmr,lambda=0,gemma4-26b,gemma4-26b,20,5,0,256,1000,NO,COMPLETE_FROZEN,"Complete PQA-L labeled population; shared 3,358-section corpus."
pubmedqa,train,FULL_SPLIT_SOURCE_ORDER,1000,qiaojin/PubMedQA pqa_labeled,3358,context_section,contriever,mmr_0,mmr,lambda=0,llama-3.3-70b,llama-3.3-70b,20,5,0,256,1000,NO,COMPLETE_FROZEN,"Complete PQA-L labeled population; shared 3,358-section corpus."
pubmedqa,train,FULL_SPLIT_SOURCE_ORDER,1000,qiaojin/PubMedQA pqa_labeled,3358,context_section,contriever,mmr_0,mmr,lambda=0,ministral-3-14b,qwen3.6-36b,20,5,0,256,1000,NO,COMPLETE_FROZEN,"Complete PQA-L labeled population; shared 3,358-section corpus."
pubmedqa,train,FULL_SPLIT_SOURCE_ORDER,1000,qiaojin/PubMedQA pqa_labeled,3358,context_section,contriever,mmr_0.25,mmr,lambda=0.25,gemma4-26b,gemma4-26b,20,5,0,256,1000,NO,COMPLETE_FROZEN,"Complete PQA-L labeled population; shared 3,358-section corpus."
pubmedqa,train,FULL_SPLIT_SOURCE_ORDER,1000,qiaojin/PubMedQA pqa_labeled,3358,context_section,contriever,mmr_0.25,mmr,lambda=0.25,llama-3.3-70b,llama-3.3-70b,20,5,0,256,1000,NO,COMPLETE_FROZEN,"Complete PQA-L labeled population; shared 3,358-section corpus."
pubmedqa,train,FULL_SPLIT_SOURCE_ORDER,1000,qiaojin/PubMedQA pqa_labeled,3358,context_section,contriever,mmr_0.25,mmr,lambda=0.25,ministral-3-14b,qwen3.6-36b,20,5,0,256,1000,NO,COMPLETE_FROZEN,"Complete PQA-L labeled population; shared 3,358-section corpus."
pubmedqa,train,FULL_SPLIT_SOURCE_ORDER,1000,qiaojin/PubMedQA pqa_labeled,3358,context_section,contriever,mmr_0.5,mmr,lambda=0.5,gemma4-26b,gemma4-26b,20,5,0,256,1000,NO,COMPLETE_FROZEN,"Complete PQA-L labeled population; shared 3,358-section corpus."
pubmedqa,train,FULL_SPLIT_SOURCE_ORDER,1000,qiaojin/PubMedQA pqa_labeled,3358,context_section,contriever,mmr_0.5,mmr,lambda=0.5,llama-3.3-70b,llama-3.3-70b,20,5,0,256,1000,NO,COMPLETE_FROZEN,"Complete PQA-L labeled population; shared 3,358-section corpus."
pubmedqa,train,FULL_SPLIT_SOURCE_ORDER,1000,qiaojin/PubMedQA pqa_labeled,3358,context_section,contriever,mmr_0.5,mmr,lambda=0.5,ministral-3-14b,qwen3.6-36b,20,5,0,256,1000,NO,COMPLETE_FROZEN,"Complete PQA-L labeled population; shared 3,358-section corpus."
pubmedqa,train,FULL_SPLIT_SOURCE_ORDER,1000,qiaojin/PubMedQA pqa_labeled,3358,context_section,contriever,mmr_0.75,mmr,lambda=0.75,gemma4-26b,gemma4-26b,20,5,0,256,1000,NO,COMPLETE_FROZEN,"Complete PQA-L labeled population; shared 3,358-section corpus."
pubmedqa,train,FULL_SPLIT_SOURCE_ORDER,1000,qiaojin/PubMedQA pqa_labeled,3358,context_section,contriever,mmr_0.75,mmr,lambda=0.75,llama-3.3-70b,llama-3.3-70b,20,5,0,256,1000,NO,COMPLETE_FROZEN,"Complete PQA-L labeled population; shared 3,358-section corpus."
pubmedqa,train,FULL_SPLIT_SOURCE_ORDER,1000,qiaojin/PubMedQA pqa_labeled,3358,context_section,contriever,mmr_0.75,mmr,lambda=0.75,ministral-3-14b,qwen3.6-36b,20,5,0,256,1000,NO,COMPLETE_FROZEN,"Complete PQA-L labeled population; shared 3,358-section corpus."
pubmedqa,train,FULL_SPLIT_SOURCE_ORDER,1000,qiaojin/PubMedQA pqa_labeled,3358,context_section,contriever,kmeans_k2,kmeans,k=2,gemma4-26b,gemma4-26b,20,5,0,256,1000,NO,COMPLETE_FROZEN,"Complete PQA-L labeled population; shared 3,358-section corpus."
pubmedqa,train,FULL_SPLIT_SOURCE_ORDER,1000,qiaojin/PubMedQA pqa_labeled,3358,context_section,contriever,kmeans_k2,kmeans,k=2,llama-3.3-70b,llama-3.3-70b,20,5,0,256,1000,NO,COMPLETE_FROZEN,"Complete PQA-L labeled population; shared 3,358-section corpus."
pubmedqa,train,FULL_SPLIT_SOURCE_ORDER,1000,qiaojin/PubMedQA pqa_labeled,3358,context_section,contriever,kmeans_k2,kmeans,k=2,ministral-3-14b,qwen3.6-36b,20,5,0,256,1000,NO,COMPLETE_FROZEN,"Complete PQA-L labeled population; shared 3,358-section corpus."
pubmedqa,train,FULL_SPLIT_SOURCE_ORDER,1000,qiaojin/PubMedQA pqa_labeled,3358,context_section,contriever,agglo_k3,agglomerative,k=3,gemma4-26b,gemma4-26b,20,5,0,256,1000,NO,COMPLETE_FROZEN,"Complete PQA-L labeled population; shared 3,358-section corpus."
pubmedqa,train,FULL_SPLIT_SOURCE_ORDER,1000,qiaojin/PubMedQA pqa_labeled,3358,context_section,contriever,agglo_k3,agglomerative,k=3,llama-3.3-70b,llama-3.3-70b,20,5,0,256,1000,NO,COMPLETE_FROZEN,"Complete PQA-L labeled population; shared 3,358-section corpus."
pubmedqa,train,FULL_SPLIT_SOURCE_ORDER,1000,qiaojin/PubMedQA pqa_labeled,3358,context_section,contriever,agglo_k3,agglomerative,k=3,ministral-3-14b,qwen3.6-36b,20,5,0,256,1000,NO,COMPLETE_FROZEN,"Complete PQA-L labeled population; shared 3,358-section corpus."
pubmedqa,train,FULL_SPLIT_SOURCE_ORDER,1000,qiaojin/PubMedQA pqa_labeled,3358,context_section,contriever,dpp_map,dpp,MAP,gemma4-26b,gemma4-26b,20,5,0,256,1000,NO,COMPLETE_FROZEN,"Complete PQA-L labeled population; shared 3,358-section corpus."
pubmedqa,train,FULL_SPLIT_SOURCE_ORDER,1000,qiaojin/PubMedQA pqa_labeled,3358,context_section,contriever,dpp_map,dpp,MAP,llama-3.3-70b,llama-3.3-70b,20,5,0,256,1000,NO,COMPLETE_FROZEN,"Complete PQA-L labeled population; shared 3,358-section corpus."
pubmedqa,train,FULL_SPLIT_SOURCE_ORDER,1000,qiaojin/PubMedQA pqa_labeled,3358,context_section,contriever,dpp_map,dpp,MAP,ministral-3-14b,qwen3.6-36b,20,5,0,256,1000,NO,COMPLETE_FROZEN,"Complete PQA-L labeled population; shared 3,358-section corpus."
pubmedqa,train,FULL_SPLIT_SOURCE_ORDER,1000,qiaojin/PubMedQA pqa_labeled,3358,context_section,colbertv2,none,none,,gemma4-26b,gemma4-26b,20,5,0,256,1000,YES,COMPLETE_FROZEN,"Complete PQA-L labeled population; shared 3,358-section corpus."
pubmedqa,train,FULL_SPLIT_SOURCE_ORDER,1000,qiaojin/PubMedQA pqa_labeled,3358,context_section,colbertv2,none,none,,llama-3.3-70b,llama-3.3-70b,20,5,0,256,1000,YES,COMPLETE_FROZEN,"Complete PQA-L labeled population; shared 3,358-section corpus."
pubmedqa,train,FULL_SPLIT_SOURCE_ORDER,1000,qiaojin/PubMedQA pqa_labeled,3358,context_section,colbertv2,none,none,,ministral-3-14b,qwen3.6-36b,20,5,0,256,1000,YES,COMPLETE_FROZEN,"Complete PQA-L labeled population; shared 3,358-section corpus."
pubmedqa,train,FULL_SPLIT_SOURCE_ORDER,1000,qiaojin/PubMedQA pqa_labeled,3358,context_section,colbertv2,mmr_0,mmr,lambda=0,gemma4-26b,gemma4-26b,20,5,0,256,1000,NO,COMPLETE_FROZEN,"Complete PQA-L labeled population; shared 3,358-section corpus."
pubmedqa,train,FULL_SPLIT_SOURCE_ORDER,1000,qiaojin/PubMedQA pqa_labeled,3358,context_section,colbertv2,mmr_0,mmr,lambda=0,llama-3.3-70b,llama-3.3-70b,20,5,0,256,1000,NO,COMPLETE_FROZEN,"Complete PQA-L labeled population; shared 3,358-section corpus."
pubmedqa,train,FULL_SPLIT_SOURCE_ORDER,1000,qiaojin/PubMedQA pqa_labeled,3358,context_section,colbertv2,mmr_0,mmr,lambda=0,ministral-3-14b,qwen3.6-36b,20,5,0,256,1000,NO,COMPLETE_FROZEN,"Complete PQA-L labeled population; shared 3,358-section corpus."
pubmedqa,train,FULL_SPLIT_SOURCE_ORDER,1000,qiaojin/PubMedQA pqa_labeled,3358,context_section,colbertv2,mmr_0.25,mmr,lambda=0.25,gemma4-26b,gemma4-26b,20,5,0,256,1000,NO,COMPLETE_FROZEN,"Complete PQA-L labeled population; shared 3,358-section corpus."
pubmedqa,train,FULL_SPLIT_SOURCE_ORDER,1000,qiaojin/PubMedQA pqa_labeled,3358,context_section,colbertv2,mmr_0.25,mmr,lambda=0.25,llama-3.3-70b,llama-3.3-70b,20,5,0,256,1000,NO,COMPLETE_FROZEN,"Complete PQA-L labeled population; shared 3,358-section corpus."
pubmedqa,train,FULL_SPLIT_SOURCE_ORDER,1000,qiaojin/PubMedQA pqa_labeled,3358,context_section,colbertv2,mmr_0.25,mmr,lambda=0.25,ministral-3-14b,qwen3.6-36b,20,5,0,256,1000,NO,COMPLETE_FROZEN,"Complete PQA-L labeled population; shared 3,358-section corpus."
pubmedqa,train,FULL_SPLIT_SOURCE_ORDER,1000,qiaojin/PubMedQA pqa_labeled,3358,context_section,colbertv2,mmr_0.5,mmr,lambda=0.5,gemma4-26b,gemma4-26b,20,5,0,256,1000,NO,COMPLETE_FROZEN,"Complete PQA-L labeled population; shared 3,358-section corpus."
pubmedqa,train,FULL_SPLIT_SOURCE_ORDER,1000,qiaojin/PubMedQA pqa_labeled,3358,context_section,colbertv2,mmr_0.5,mmr,lambda=0.5,llama-3.3-70b,llama-3.3-70b,20,5,0,256,1000,NO,COMPLETE_FROZEN,"Complete PQA-L labeled population; shared 3,358-section corpus."
pubmedqa,train,FULL_SPLIT_SOURCE_ORDER,1000,qiaojin/PubMedQA pqa_labeled,3358,context_section,colbertv2,mmr_0.5,mmr,lambda=0.5,ministral-3-14b,qwen3.6-36b,20,5,0,256,1000,NO,COMPLETE_FROZEN,"Complete PQA-L labeled population; shared 3,358-section corpus."
pubmedqa,train,FULL_SPLIT_SOURCE_ORDER,1000,qiaojin/PubMedQA pqa_labeled,3358,context_section,colbertv2,mmr_0.75,mmr,lambda=0.75,gemma4-26b,gemma4-26b,20,5,0,256,1000,NO,COMPLETE_FROZEN,"Complete PQA-L labeled population; shared 3,358-section corpus."
pubmedqa,train,FULL_SPLIT_SOURCE_ORDER,1000,qiaojin/PubMedQA pqa_labeled,3358,context_section,colbertv2,mmr_0.75,mmr,lambda=0.75,llama-3.3-70b,llama-3.3-70b,20,5,0,256,1000,NO,COMPLETE_FROZEN,"Complete PQA-L labeled population; shared 3,358-section corpus."
pubmedqa,train,FULL_SPLIT_SOURCE_ORDER,1000,qiaojin/PubMedQA pqa_labeled,3358,context_section,colbertv2,mmr_0.75,mmr,lambda=0.75,ministral-3-14b,qwen3.6-36b,20,5,0,256,1000,NO,COMPLETE_FROZEN,"Complete PQA-L labeled population; shared 3,358-section corpus."
pubmedqa,train,FULL_SPLIT_SOURCE_ORDER,1000,qiaojin/PubMedQA pqa_labeled,3358,context_section,colbertv2,kmeans_k2,kmeans,k=2,gemma4-26b,gemma4-26b,20,5,0,256,1000,NO,COMPLETE_FROZEN,"Complete PQA-L labeled population; shared 3,358-section corpus."
pubmedqa,train,FULL_SPLIT_SOURCE_ORDER,1000,qiaojin/PubMedQA pqa_labeled,3358,context_section,colbertv2,kmeans_k2,kmeans,k=2,llama-3.3-70b,llama-3.3-70b,20,5,0,256,1000,NO,COMPLETE_FROZEN,"Complete PQA-L labeled population; shared 3,358-section corpus."
pubmedqa,train,FULL_SPLIT_SOURCE_ORDER,1000,qiaojin/PubMedQA pqa_labeled,3358,context_section,colbertv2,kmeans_k2,kmeans,k=2,ministral-3-14b,qwen3.6-36b,20,5,0,256,1000,NO,COMPLETE_FROZEN,"Complete PQA-L labeled population; shared 3,358-section corpus."
pubmedqa,train,FULL_SPLIT_SOURCE_ORDER,1000,qiaojin/PubMedQA pqa_labeled,3358,context_section,colbertv2,agglo_k3,agglomerative,k=3,gemma4-26b,gemma4-26b,20,5,0,256,1000,NO,COMPLETE_FROZEN,"Complete PQA-L labeled population; shared 3,358-section corpus."
pubmedqa,train,FULL_SPLIT_SOURCE_ORDER,1000,qiaojin/PubMedQA pqa_labeled,3358,context_section,colbertv2,agglo_k3,agglomerative,k=3,llama-3.3-70b,llama-3.3-70b,20,5,0,256,1000,NO,COMPLETE_FROZEN,"Complete PQA-L labeled population; shared 3,358-section corpus."
pubmedqa,train,FULL_SPLIT_SOURCE_ORDER,1000,qiaojin/PubMedQA pqa_labeled,3358,context_section,colbertv2,agglo_k3,agglomerative,k=3,ministral-3-14b,qwen3.6-36b,20,5,0,256,1000,NO,COMPLETE_FROZEN,"Complete PQA-L labeled population; shared 3,358-section corpus."
pubmedqa,train,FULL_SPLIT_SOURCE_ORDER,1000,qiaojin/PubMedQA pqa_labeled,3358,context_section,colbertv2,dpp_map,dpp,MAP,gemma4-26b,gemma4-26b,20,5,0,256,1000,NO,COMPLETE_FROZEN,"Complete PQA-L labeled population; shared 3,358-section corpus."
pubmedqa,train,FULL_SPLIT_SOURCE_ORDER,1000,qiaojin/PubMedQA pqa_labeled,3358,context_section,colbertv2,dpp_map,dpp,MAP,llama-3.3-70b,llama-3.3-70b,20,5,0,256,1000,NO,COMPLETE_FROZEN,"Complete PQA-L labeled population; shared 3,358-section corpus."
pubmedqa,train,FULL_SPLIT_SOURCE_ORDER,1000,qiaojin/PubMedQA pqa_labeled,3358,context_section,colbertv2,dpp_map,dpp,MAP,ministral-3-14b,qwen3.6-36b,20,5,0,256,1000,NO,COMPLETE_FROZEN,"Complete PQA-L labeled population; shared 3,358-section corpus."
hotpotqa,test,OFFICIAL_TEST_FULL,7405,BeIR/hotpotqa,5233329,document,bm25,none,none,,gemma4-26b,gemma4-26b,20,5,0,256,7405,YES,COMPLETE_FROZEN,Corpus-level BEIR retrieval; not distractor setting.
hotpotqa,test,OFFICIAL_TEST_FULL,7405,BeIR/hotpotqa,5233329,document,bm25,none,none,,llama-3.3-70b,llama-3.3-70b,20,5,0,256,7405,YES,COMPLETE_FROZEN,Corpus-level BEIR retrieval; not distractor setting.
hotpotqa,test,OFFICIAL_TEST_FULL,7405,BeIR/hotpotqa,5233329,document,bm25,none,none,,ministral-3-14b,qwen3.6-36b,20,5,0,256,7405,YES,COMPLETE_FROZEN,Corpus-level BEIR retrieval; not distractor setting.
hotpotqa,test,OFFICIAL_TEST_FULL,7405,BeIR/hotpotqa,5233329,document,bm25,mmr_0,mmr,lambda=0,gemma4-26b,gemma4-26b,20,5,0,256,7405,NO,COMPLETE_FROZEN,Corpus-level BEIR retrieval; not distractor setting.
hotpotqa,test,OFFICIAL_TEST_FULL,7405,BeIR/hotpotqa,5233329,document,bm25,mmr_0,mmr,lambda=0,llama-3.3-70b,llama-3.3-70b,20,5,0,256,7405,NO,COMPLETE_FROZEN,Corpus-level BEIR retrieval; not distractor setting.
hotpotqa,test,OFFICIAL_TEST_FULL,7405,BeIR/hotpotqa,5233329,document,bm25,mmr_0,mmr,lambda=0,ministral-3-14b,qwen3.6-36b,20,5,0,256,7405,NO,COMPLETE_FROZEN,Corpus-level BEIR retrieval; not distractor setting.
hotpotqa,test,OFFICIAL_TEST_FULL,7405,BeIR/hotpotqa,5233329,document,bm25,mmr_0.25,mmr,lambda=0.25,gemma4-26b,gemma4-26b,20,5,0,256,7405,NO,COMPLETE_FROZEN,Corpus-level BEIR retrieval; not distractor setting.
hotpotqa,test,OFFICIAL_TEST_FULL,7405,BeIR/hotpotqa,5233329,document,bm25,mmr_0.25,mmr,lambda=0.25,llama-3.3-70b,llama-3.3-70b,20,5,0,256,7405,NO,COMPLETE_FROZEN,Corpus-level BEIR retrieval; not distractor setting.
hotpotqa,test,OFFICIAL_TEST_FULL,7405,BeIR/hotpotqa,5233329,document,bm25,mmr_0.25,mmr,lambda=0.25,ministral-3-14b,qwen3.6-36b,20,5,0,256,7405,NO,COMPLETE_FROZEN,Corpus-level BEIR retrieval; not distractor setting.
hotpotqa,test,OFFICIAL_TEST_FULL,7405,BeIR/hotpotqa,5233329,document,bm25,mmr_0.5,mmr,lambda=0.5,gemma4-26b,gemma4-26b,20,5,0,256,7405,NO,COMPLETE_FROZEN,Corpus-level BEIR retrieval; not distractor setting.
hotpotqa,test,OFFICIAL_TEST_FULL,7405,BeIR/hotpotqa,5233329,document,bm25,mmr_0.5,mmr,lambda=0.5,llama-3.3-70b,llama-3.3-70b,20,5,0,256,7405,NO,COMPLETE_FROZEN,Corpus-level BEIR retrieval; not distractor setting.
hotpotqa,test,OFFICIAL_TEST_FULL,7405,BeIR/hotpotqa,5233329,document,bm25,mmr_0.5,mmr,lambda=0.5,ministral-3-14b,qwen3.6-36b,20,5,0,256,7405,NO,COMPLETE_FROZEN,Corpus-level BEIR retrieval; not distractor setting.
hotpotqa,test,OFFICIAL_TEST_FULL,7405,BeIR/hotpotqa,5233329,document,bm25,mmr_0.75,mmr,lambda=0.75,gemma4-26b,gemma4-26b,20,5,0,256,7405,NO,COMPLETE_FROZEN,Corpus-level BEIR retrieval; not distractor setting.
hotpotqa,test,OFFICIAL_TEST_FULL,7405,BeIR/hotpotqa,5233329,document,bm25,mmr_0.75,mmr,lambda=0.75,llama-3.3-70b,llama-3.3-70b,20,5,0,256,7405,NO,COMPLETE_FROZEN,Corpus-level BEIR retrieval; not distractor setting.
hotpotqa,test,OFFICIAL_TEST_FULL,7405,BeIR/hotpotqa,5233329,document,bm25,mmr_0.75,mmr,lambda=0.75,ministral-3-14b,qwen3.6-36b,20,5,0,256,7405,NO,COMPLETE_FROZEN,Corpus-level BEIR retrieval; not distractor setting.
hotpotqa,test,OFFICIAL_TEST_FULL,7405,BeIR/hotpotqa,5233329,document,bm25,kmeans_k2,kmeans,k=2,gemma4-26b,gemma4-26b,20,5,0,256,7405,NO,COMPLETE_FROZEN,Corpus-level BEIR retrieval; not distractor setting.
hotpotqa,test,OFFICIAL_TEST_FULL,7405,BeIR/hotpotqa,5233329,document,bm25,kmeans_k2,kmeans,k=2,llama-3.3-70b,llama-3.3-70b,20,5,0,256,7405,NO,COMPLETE_FROZEN,Corpus-level BEIR retrieval; not distractor setting.
hotpotqa,test,OFFICIAL_TEST_FULL,7405,BeIR/hotpotqa,5233329,document,bm25,kmeans_k2,kmeans,k=2,ministral-3-14b,qwen3.6-36b,20,5,0,256,7405,NO,COMPLETE_FROZEN,Corpus-level BEIR retrieval; not distractor setting.
hotpotqa,test,OFFICIAL_TEST_FULL,7405,BeIR/hotpotqa,5233329,document,bm25,agglo_k3,agglomerative,k=3,gemma4-26b,gemma4-26b,20,5,0,256,7405,NO,COMPLETE_FROZEN,Corpus-level BEIR retrieval; not distractor setting.
hotpotqa,test,OFFICIAL_TEST_FULL,7405,BeIR/hotpotqa,5233329,document,bm25,agglo_k3,agglomerative,k=3,llama-3.3-70b,llama-3.3-70b,20,5,0,256,7405,NO,COMPLETE_FROZEN,Corpus-level BEIR retrieval; not distractor setting.
hotpotqa,test,OFFICIAL_TEST_FULL,7405,BeIR/hotpotqa,5233329,document,bm25,agglo_k3,agglomerative,k=3,ministral-3-14b,qwen3.6-36b,20,5,0,256,7405,NO,COMPLETE_FROZEN,Corpus-level BEIR retrieval; not distractor setting.
hotpotqa,test,OFFICIAL_TEST_FULL,7405,BeIR/hotpotqa,5233329,document,bm25,dpp_map,dpp,MAP,gemma4-26b,gemma4-26b,20,5,0,256,7405,NO,COMPLETE_FROZEN,Corpus-level BEIR retrieval; not distractor setting.
hotpotqa,test,OFFICIAL_TEST_FULL,7405,BeIR/hotpotqa,5233329,document,bm25,dpp_map,dpp,MAP,llama-3.3-70b,llama-3.3-70b,20,5,0,256,7405,NO,COMPLETE_FROZEN,Corpus-level BEIR retrieval; not distractor setting.
hotpotqa,test,OFFICIAL_TEST_FULL,7405,BeIR/hotpotqa,5233329,document,bm25,dpp_map,dpp,MAP,ministral-3-14b,qwen3.6-36b,20,5,0,256,7405,NO,COMPLETE_FROZEN,Corpus-level BEIR retrieval; not distractor setting.
hotpotqa,test,OFFICIAL_TEST_FULL,7405,BeIR/hotpotqa,5233329,document,dpr,none,none,,gemma4-26b,gemma4-26b,20,5,0,256,7405,YES,COMPLETE_FROZEN,Corpus-level BEIR retrieval; not distractor setting.
hotpotqa,test,OFFICIAL_TEST_FULL,7405,BeIR/hotpotqa,5233329,document,dpr,none,none,,llama-3.3-70b,llama-3.3-70b,20,5,0,256,7405,YES,COMPLETE_FROZEN,Corpus-level BEIR retrieval; not distractor setting.
hotpotqa,test,OFFICIAL_TEST_FULL,7405,BeIR/hotpotqa,5233329,document,dpr,none,none,,ministral-3-14b,qwen3.6-36b,20,5,0,256,7405,YES,COMPLETE_FROZEN,Corpus-level BEIR retrieval; not distractor setting.
hotpotqa,test,OFFICIAL_TEST_FULL,7405,BeIR/hotpotqa,5233329,document,dpr,mmr_0,mmr,lambda=0,gemma4-26b,gemma4-26b,20,5,0,256,7405,NO,COMPLETE_FROZEN,Corpus-level BEIR retrieval; not distractor setting.
hotpotqa,test,OFFICIAL_TEST_FULL,7405,BeIR/hotpotqa,5233329,document,dpr,mmr_0,mmr,lambda=0,llama-3.3-70b,llama-3.3-70b,20,5,0,256,7405,NO,COMPLETE_FROZEN,Corpus-level BEIR retrieval; not distractor setting.
hotpotqa,test,OFFICIAL_TEST_FULL,7405,BeIR/hotpotqa,5233329,document,dpr,mmr_0,mmr,lambda=0,ministral-3-14b,qwen3.6-36b,20,5,0,256,7405,NO,COMPLETE_FROZEN,Corpus-level BEIR retrieval; not distractor setting.
hotpotqa,test,OFFICIAL_TEST_FULL,7405,BeIR/hotpotqa,5233329,document,dpr,mmr_0.25,mmr,lambda=0.25,gemma4-26b,gemma4-26b,20,5,0,256,7405,NO,COMPLETE_FROZEN,Corpus-level BEIR retrieval; not distractor setting.
hotpotqa,test,OFFICIAL_TEST_FULL,7405,BeIR/hotpotqa,5233329,document,dpr,mmr_0.25,mmr,lambda=0.25,llama-3.3-70b,llama-3.3-70b,20,5,0,256,7405,NO,COMPLETE_FROZEN,Corpus-level BEIR retrieval; not distractor setting.
hotpotqa,test,OFFICIAL_TEST_FULL,7405,BeIR/hotpotqa,5233329,document,dpr,mmr_0.25,mmr,lambda=0.25,ministral-3-14b,qwen3.6-36b,20,5,0,256,7405,NO,COMPLETE_FROZEN,Corpus-level BEIR retrieval; not distractor setting.
hotpotqa,test,OFFICIAL_TEST_FULL,7405,BeIR/hotpotqa,5233329,document,dpr,mmr_0.5,mmr,lambda=0.5,gemma4-26b,gemma4-26b,20,5,0,256,7405,NO,COMPLETE_FROZEN,Corpus-level BEIR retrieval; not distractor setting.
hotpotqa,test,OFFICIAL_TEST_FULL,7405,BeIR/hotpotqa,5233329,document,dpr,mmr_0.5,mmr,lambda=0.5,llama-3.3-70b,llama-3.3-70b,20,5,0,256,7405,NO,COMPLETE_FROZEN,Corpus-level BEIR retrieval; not distractor setting.
hotpotqa,test,OFFICIAL_TEST_FULL,7405,BeIR/hotpotqa,5233329,document,dpr,mmr_0.5,mmr,lambda=0.5,ministral-3-14b,qwen3.6-36b,20,5,0,256,7405,NO,COMPLETE_FROZEN,Corpus-level BEIR retrieval; not distractor setting.
hotpotqa,test,OFFICIAL_TEST_FULL,7405,BeIR/hotpotqa,5233329,document,dpr,mmr_0.75,mmr,lambda=0.75,gemma4-26b,gemma4-26b,20,5,0,256,7405,NO,COMPLETE_FROZEN,Corpus-level BEIR retrieval; not distractor setting.
hotpotqa,test,OFFICIAL_TEST_FULL,7405,BeIR/hotpotqa,5233329,document,dpr,mmr_0.75,mmr,lambda=0.75,llama-3.3-70b,llama-3.3-70b,20,5,0,256,7405,NO,COMPLETE_FROZEN,Corpus-level BEIR retrieval; not distractor setting.
hotpotqa,test,OFFICIAL_TEST_FULL,7405,BeIR/hotpotqa,5233329,document,dpr,mmr_0.75,mmr,lambda=0.75,ministral-3-14b,qwen3.6-36b,20,5,0,256,7405,NO,COMPLETE_FROZEN,Corpus-level BEIR retrieval; not distractor setting.
hotpotqa,test,OFFICIAL_TEST_FULL,7405,BeIR/hotpotqa,5233329,document,dpr,kmeans_k2,kmeans,k=2,gemma4-26b,gemma4-26b,20,5,0,256,7405,NO,COMPLETE_FROZEN,Corpus-level BEIR retrieval; not distractor setting.
hotpotqa,test,OFFICIAL_TEST_FULL,7405,BeIR/hotpotqa,5233329,document,dpr,kmeans_k2,kmeans,k=2,llama-3.3-70b,llama-3.3-70b,20,5,0,256,7405,NO,COMPLETE_FROZEN,Corpus-level BEIR retrieval; not distractor setting.
hotpotqa,test,OFFICIAL_TEST_FULL,7405,BeIR/hotpotqa,5233329,document,dpr,kmeans_k2,kmeans,k=2,ministral-3-14b,qwen3.6-36b,20,5,0,256,7405,NO,COMPLETE_FROZEN,Corpus-level BEIR retrieval; not distractor setting.
hotpotqa,test,OFFICIAL_TEST_FULL,7405,BeIR/hotpotqa,5233329,document,dpr,agglo_k3,agglomerative,k=3,gemma4-26b,gemma4-26b,20,5,0,256,7405,NO,COMPLETE_FROZEN,Corpus-level BEIR retrieval; not distractor setting.
hotpotqa,test,OFFICIAL_TEST_FULL,7405,BeIR/hotpotqa,5233329,document,dpr,agglo_k3,agglomerative,k=3,llama-3.3-70b,llama-3.3-70b,20,5,0,256,7405,NO,COMPLETE_FROZEN,Corpus-level BEIR retrieval; not distractor setting.
hotpotqa,test,OFFICIAL_TEST_FULL,7405,BeIR/hotpotqa,5233329,document,dpr,agglo_k3,agglomerative,k=3,ministral-3-14b,qwen3.6-36b,20,5,0,256,7405,NO,COMPLETE_FROZEN,Corpus-level BEIR retrieval; not distractor setting.
hotpotqa,test,OFFICIAL_TEST_FULL,7405,BeIR/hotpotqa,5233329,document,dpr,dpp_map,dpp,MAP,gemma4-26b,gemma4-26b,20,5,0,256,7405,NO,COMPLETE_FROZEN,Corpus-level BEIR retrieval; not distractor setting.
hotpotqa,test,OFFICIAL_TEST_FULL,7405,BeIR/hotpotqa,5233329,document,dpr,dpp_map,dpp,MAP,llama-3.3-70b,llama-3.3-70b,20,5,0,256,7405,NO,COMPLETE_FROZEN,Corpus-level BEIR retrieval; not distractor setting.
hotpotqa,test,OFFICIAL_TEST_FULL,7405,BeIR/hotpotqa,5233329,document,dpr,dpp_map,dpp,MAP,ministral-3-14b,qwen3.6-36b,20,5,0,256,7405,NO,COMPLETE_FROZEN,Corpus-level BEIR retrieval; not distractor setting.
hotpotqa,test,OFFICIAL_TEST_FULL,7405,BeIR/hotpotqa,5233329,document,contriever,none,none,,gemma4-26b,gemma4-26b,20,5,0,256,7405,YES,COMPLETE_FROZEN,Corpus-level BEIR retrieval; not distractor setting.
hotpotqa,test,OFFICIAL_TEST_FULL,7405,BeIR/hotpotqa,5233329,document,contriever,none,none,,llama-3.3-70b,llama-3.3-70b,20,5,0,256,7405,YES,COMPLETE_FROZEN,Corpus-level BEIR retrieval; not distractor setting.
hotpotqa,test,OFFICIAL_TEST_FULL,7405,BeIR/hotpotqa,5233329,document,contriever,none,none,,ministral-3-14b,qwen3.6-36b,20,5,0,256,7405,YES,COMPLETE_FROZEN,Corpus-level BEIR retrieval; not distractor setting.
hotpotqa,test,OFFICIAL_TEST_FULL,7405,BeIR/hotpotqa,5233329,document,contriever,mmr_0,mmr,lambda=0,gemma4-26b,gemma4-26b,20,5,0,256,7405,NO,COMPLETE_FROZEN,Corpus-level BEIR retrieval; not distractor setting.
hotpotqa,test,OFFICIAL_TEST_FULL,7405,BeIR/hotpotqa,5233329,document,contriever,mmr_0,mmr,lambda=0,llama-3.3-70b,llama-3.3-70b,20,5,0,256,7405,NO,COMPLETE_FROZEN,Corpus-level BEIR retrieval; not distractor setting.
hotpotqa,test,OFFICIAL_TEST_FULL,7405,BeIR/hotpotqa,5233329,document,contriever,mmr_0,mmr,lambda=0,ministral-3-14b,qwen3.6-36b,20,5,0,256,7405,NO,COMPLETE_FROZEN,Corpus-level BEIR retrieval; not distractor setting.
hotpotqa,test,OFFICIAL_TEST_FULL,7405,BeIR/hotpotqa,5233329,document,contriever,mmr_0.25,mmr,lambda=0.25,gemma4-26b,gemma4-26b,20,5,0,256,7405,NO,COMPLETE_FROZEN,Corpus-level BEIR retrieval; not distractor setting.
hotpotqa,test,OFFICIAL_TEST_FULL,7405,BeIR/hotpotqa,5233329,document,contriever,mmr_0.25,mmr,lambda=0.25,llama-3.3-70b,llama-3.3-70b,20,5,0,256,7405,NO,COMPLETE_FROZEN,Corpus-level BEIR retrieval; not distractor setting.
hotpotqa,test,OFFICIAL_TEST_FULL,7405,BeIR/hotpotqa,5233329,document,contriever,mmr_0.25,mmr,lambda=0.25,ministral-3-14b,qwen3.6-36b,20,5,0,256,7405,NO,COMPLETE_FROZEN,Corpus-level BEIR retrieval; not distractor setting.
hotpotqa,test,OFFICIAL_TEST_FULL,7405,BeIR/hotpotqa,5233329,document,contriever,mmr_0.5,mmr,lambda=0.5,gemma4-26b,gemma4-26b,20,5,0,256,7405,NO,COMPLETE_FROZEN,Corpus-level BEIR retrieval; not distractor setting.
hotpotqa,test,OFFICIAL_TEST_FULL,7405,BeIR/hotpotqa,5233329,document,contriever,mmr_0.5,mmr,lambda=0.5,llama-3.3-70b,llama-3.3-70b,20,5,0,256,7405,NO,COMPLETE_FROZEN,Corpus-level BEIR retrieval; not distractor setting.
hotpotqa,test,OFFICIAL_TEST_FULL,7405,BeIR/hotpotqa,5233329,document,contriever,mmr_0.5,mmr,lambda=0.5,ministral-3-14b,qwen3.6-36b,20,5,0,256,7405,NO,COMPLETE_FROZEN,Corpus-level BEIR retrieval; not distractor setting.
hotpotqa,test,OFFICIAL_TEST_FULL,7405,BeIR/hotpotqa,5233329,document,contriever,mmr_0.75,mmr,lambda=0.75,gemma4-26b,gemma4-26b,20,5,0,256,7405,NO,COMPLETE_FROZEN,Corpus-level BEIR retrieval; not distractor setting.
hotpotqa,test,OFFICIAL_TEST_FULL,7405,BeIR/hotpotqa,5233329,document,contriever,mmr_0.75,mmr,lambda=0.75,llama-3.3-70b,llama-3.3-70b,20,5,0,256,7405,NO,COMPLETE_FROZEN,Corpus-level BEIR retrieval; not distractor setting.
hotpotqa,test,OFFICIAL_TEST_FULL,7405,BeIR/hotpotqa,5233329,document,contriever,mmr_0.75,mmr,lambda=0.75,ministral-3-14b,qwen3.6-36b,20,5,0,256,7405,NO,COMPLETE_FROZEN,Corpus-level BEIR retrieval; not distractor setting.
hotpotqa,test,OFFICIAL_TEST_FULL,7405,BeIR/hotpotqa,5233329,document,contriever,kmeans_k2,kmeans,k=2,gemma4-26b,gemma4-26b,20,5,0,256,7405,NO,COMPLETE_FROZEN,Corpus-level BEIR retrieval; not distractor setting.
hotpotqa,test,OFFICIAL_TEST_FULL,7405,BeIR/hotpotqa,5233329,document,contriever,kmeans_k2,kmeans,k=2,llama-3.3-70b,llama-3.3-70b,20,5,0,256,7405,NO,COMPLETE_FROZEN,Corpus-level BEIR retrieval; not distractor setting.
hotpotqa,test,OFFICIAL_TEST_FULL,7405,BeIR/hotpotqa,5233329,document,contriever,kmeans_k2,kmeans,k=2,ministral-3-14b,qwen3.6-36b,20,5,0,256,7405,NO,COMPLETE_FROZEN,Corpus-level BEIR retrieval; not distractor setting.
hotpotqa,test,OFFICIAL_TEST_FULL,7405,BeIR/hotpotqa,5233329,document,contriever,agglo_k3,agglomerative,k=3,gemma4-26b,gemma4-26b,20,5,0,256,7405,NO,COMPLETE_FROZEN,Corpus-level BEIR retrieval; not distractor setting.
hotpotqa,test,OFFICIAL_TEST_FULL,7405,BeIR/hotpotqa,5233329,document,contriever,agglo_k3,agglomerative,k=3,llama-3.3-70b,llama-3.3-70b,20,5,0,256,7405,NO,COMPLETE_FROZEN,Corpus-level BEIR retrieval; not distractor setting.
hotpotqa,test,OFFICIAL_TEST_FULL,7405,BeIR/hotpotqa,5233329,document,contriever,agglo_k3,agglomerative,k=3,ministral-3-14b,qwen3.6-36b,20,5,0,256,7405,NO,COMPLETE_FROZEN,Corpus-level BEIR retrieval; not distractor setting.
hotpotqa,test,OFFICIAL_TEST_FULL,7405,BeIR/hotpotqa,5233329,document,contriever,dpp_map,dpp,MAP,gemma4-26b,gemma4-26b,20,5,0,256,7405,NO,COMPLETE_FROZEN,Corpus-level BEIR retrieval; not distractor setting.
hotpotqa,test,OFFICIAL_TEST_FULL,7405,BeIR/hotpotqa,5233329,document,contriever,dpp_map,dpp,MAP,llama-3.3-70b,llama-3.3-70b,20,5,0,256,7405,NO,COMPLETE_FROZEN,Corpus-level BEIR retrieval; not distractor setting.
hotpotqa,test,OFFICIAL_TEST_FULL,7405,BeIR/hotpotqa,5233329,document,contriever,dpp_map,dpp,MAP,ministral-3-14b,qwen3.6-36b,20,5,0,256,7405,NO,COMPLETE_FROZEN,Corpus-level BEIR retrieval; not distractor setting.
hotpotqa,test,OFFICIAL_TEST_FULL,7405,BeIR/hotpotqa,5233329,document,colbertv2,none,none,,gemma4-26b,gemma4-26b,20,5,0,256,7405,YES,COMPLETE_FROZEN,Corpus-level BEIR retrieval; not distractor setting.
hotpotqa,test,OFFICIAL_TEST_FULL,7405,BeIR/hotpotqa,5233329,document,colbertv2,none,none,,llama-3.3-70b,llama-3.3-70b,20,5,0,256,7405,YES,COMPLETE_FROZEN,Corpus-level BEIR retrieval; not distractor setting.
hotpotqa,test,OFFICIAL_TEST_FULL,7405,BeIR/hotpotqa,5233329,document,colbertv2,none,none,,ministral-3-14b,qwen3.6-36b,20,5,0,256,7405,YES,COMPLETE_FROZEN,Corpus-level BEIR retrieval; not distractor setting.
hotpotqa,test,OFFICIAL_TEST_FULL,7405,BeIR/hotpotqa,5233329,document,colbertv2,mmr_0,mmr,lambda=0,gemma4-26b,gemma4-26b,20,5,0,256,7405,NO,COMPLETE_FROZEN,Corpus-level BEIR retrieval; not distractor setting.
hotpotqa,test,OFFICIAL_TEST_FULL,7405,BeIR/hotpotqa,5233329,document,colbertv2,mmr_0,mmr,lambda=0,llama-3.3-70b,llama-3.3-70b,20,5,0,256,7405,NO,COMPLETE_FROZEN,Corpus-level BEIR retrieval; not distractor setting.
hotpotqa,test,OFFICIAL_TEST_FULL,7405,BeIR/hotpotqa,5233329,document,colbertv2,mmr_0,mmr,lambda=0,ministral-3-14b,qwen3.6-36b,20,5,0,256,7405,NO,COMPLETE_FROZEN,Corpus-level BEIR retrieval; not distractor setting.
hotpotqa,test,OFFICIAL_TEST_FULL,7405,BeIR/hotpotqa,5233329,document,colbertv2,mmr_0.25,mmr,lambda=0.25,gemma4-26b,gemma4-26b,20,5,0,256,7405,NO,COMPLETE_FROZEN,Corpus-level BEIR retrieval; not distractor setting.
hotpotqa,test,OFFICIAL_TEST_FULL,7405,BeIR/hotpotqa,5233329,document,colbertv2,mmr_0.25,mmr,lambda=0.25,llama-3.3-70b,llama-3.3-70b,20,5,0,256,7405,NO,COMPLETE_FROZEN,Corpus-level BEIR retrieval; not distractor setting.
hotpotqa,test,OFFICIAL_TEST_FULL,7405,BeIR/hotpotqa,5233329,document,colbertv2,mmr_0.25,mmr,lambda=0.25,ministral-3-14b,qwen3.6-36b,20,5,0,256,7405,NO,COMPLETE_FROZEN,Corpus-level BEIR retrieval; not distractor setting.
hotpotqa,test,OFFICIAL_TEST_FULL,7405,BeIR/hotpotqa,5233329,document,colbertv2,mmr_0.5,mmr,lambda=0.5,gemma4-26b,gemma4-26b,20,5,0,256,7405,NO,COMPLETE_FROZEN,Corpus-level BEIR retrieval; not distractor setting.
hotpotqa,test,OFFICIAL_TEST_FULL,7405,BeIR/hotpotqa,5233329,document,colbertv2,mmr_0.5,mmr,lambda=0.5,llama-3.3-70b,llama-3.3-70b,20,5,0,256,7405,NO,COMPLETE_FROZEN,Corpus-level BEIR retrieval; not distractor setting.
hotpotqa,test,OFFICIAL_TEST_FULL,7405,BeIR/hotpotqa,5233329,document,colbertv2,mmr_0.5,mmr,lambda=0.5,ministral-3-14b,qwen3.6-36b,20,5,0,256,7405,NO,COMPLETE_FROZEN,Corpus-level BEIR retrieval; not distractor setting.
hotpotqa,test,OFFICIAL_TEST_FULL,7405,BeIR/hotpotqa,5233329,document,colbertv2,mmr_0.75,mmr,lambda=0.75,gemma4-26b,gemma4-26b,20,5,0,256,7405,NO,COMPLETE_FROZEN,Corpus-level BEIR retrieval; not distractor setting.
hotpotqa,test,OFFICIAL_TEST_FULL,7405,BeIR/hotpotqa,5233329,document,colbertv2,mmr_0.75,mmr,lambda=0.75,llama-3.3-70b,llama-3.3-70b,20,5,0,256,7405,NO,COMPLETE_FROZEN,Corpus-level BEIR retrieval; not distractor setting.
hotpotqa,test,OFFICIAL_TEST_FULL,7405,BeIR/hotpotqa,5233329,document,colbertv2,mmr_0.75,mmr,lambda=0.75,ministral-3-14b,qwen3.6-36b,20,5,0,256,7405,NO,COMPLETE_FROZEN,Corpus-level BEIR retrieval; not distractor setting.
hotpotqa,test,OFFICIAL_TEST_FULL,7405,BeIR/hotpotqa,5233329,document,colbertv2,kmeans_k2,kmeans,k=2,gemma4-26b,gemma4-26b,20,5,0,256,7405,NO,COMPLETE_FROZEN,Corpus-level BEIR retrieval; not distractor setting.
hotpotqa,test,OFFICIAL_TEST_FULL,7405,BeIR/hotpotqa,5233329,document,colbertv2,kmeans_k2,kmeans,k=2,llama-3.3-70b,llama-3.3-70b,20,5,0,256,7405,NO,COMPLETE_FROZEN,Corpus-level BEIR retrieval; not distractor setting.
hotpotqa,test,OFFICIAL_TEST_FULL,7405,BeIR/hotpotqa,5233329,document,colbertv2,kmeans_k2,kmeans,k=2,ministral-3-14b,qwen3.6-36b,20,5,0,256,7405,NO,COMPLETE_FROZEN,Corpus-level BEIR retrieval; not distractor setting.
hotpotqa,test,OFFICIAL_TEST_FULL,7405,BeIR/hotpotqa,5233329,document,colbertv2,agglo_k3,agglomerative,k=3,gemma4-26b,gemma4-26b,20,5,0,256,7405,NO,COMPLETE_FROZEN,Corpus-level BEIR retrieval; not distractor setting.
hotpotqa,test,OFFICIAL_TEST_FULL,7405,BeIR/hotpotqa,5233329,document,colbertv2,agglo_k3,agglomerative,k=3,llama-3.3-70b,llama-3.3-70b,20,5,0,256,7405,NO,COMPLETE_FROZEN,Corpus-level BEIR retrieval; not distractor setting.
hotpotqa,test,OFFICIAL_TEST_FULL,7405,BeIR/hotpotqa,5233329,document,colbertv2,agglo_k3,agglomerative,k=3,ministral-3-14b,qwen3.6-36b,20,5,0,256,7405,NO,COMPLETE_FROZEN,Corpus-level BEIR retrieval; not distractor setting.
hotpotqa,test,OFFICIAL_TEST_FULL,7405,BeIR/hotpotqa,5233329,document,colbertv2,dpp_map,dpp,MAP,gemma4-26b,gemma4-26b,20,5,0,256,7405,NO,COMPLETE_FROZEN,Corpus-level BEIR retrieval; not distractor setting.
hotpotqa,test,OFFICIAL_TEST_FULL,7405,BeIR/hotpotqa,5233329,document,colbertv2,dpp_map,dpp,MAP,llama-3.3-70b,llama-3.3-70b,20,5,0,256,7405,NO,COMPLETE_FROZEN,Corpus-level BEIR retrieval; not distractor setting.
hotpotqa,test,OFFICIAL_TEST_FULL,7405,BeIR/hotpotqa,5233329,document,colbertv2,dpp_map,dpp,MAP,ministral-3-14b,qwen3.6-36b,20,5,0,256,7405,NO,COMPLETE_FROZEN,Corpus-level BEIR retrieval; not distractor setting.
asqa,dev,PROJECT_PROTECTED_FINAL,948,DPR Wikipedia 2018-12-20,21015324,passage,bm25,none,none,,gemma4-26b,gemma4-26b,20,5,0,512,948,YES,COMPLETE_FROZEN,"Full dev948; full 21,015,324-passage corpus; ColBERTv2 not completed."
asqa,dev,PROJECT_PROTECTED_FINAL,948,DPR Wikipedia 2018-12-20,21015324,passage,bm25,none,none,,llama-3.3-70b,llama-3.3-70b,20,5,0,512,948,YES,COMPLETE_FROZEN,"Full dev948; full 21,015,324-passage corpus; ColBERTv2 not completed."
asqa,dev,PROJECT_PROTECTED_FINAL,948,DPR Wikipedia 2018-12-20,21015324,passage,bm25,none,none,,ministral-3-14b,qwen3.6-36b,20,5,0,512,948,YES,COMPLETE_FROZEN,"Full dev948; full 21,015,324-passage corpus; ColBERTv2 not completed."
asqa,dev,PROJECT_PROTECTED_FINAL,948,DPR Wikipedia 2018-12-20,21015324,passage,bm25,mmr_0,mmr,lambda=0,gemma4-26b,gemma4-26b,20,5,0,512,948,NO,COMPLETE_FROZEN,"Full dev948; full 21,015,324-passage corpus; ColBERTv2 not completed."
asqa,dev,PROJECT_PROTECTED_FINAL,948,DPR Wikipedia 2018-12-20,21015324,passage,bm25,mmr_0,mmr,lambda=0,llama-3.3-70b,llama-3.3-70b,20,5,0,512,948,NO,COMPLETE_FROZEN,"Full dev948; full 21,015,324-passage corpus; ColBERTv2 not completed."
asqa,dev,PROJECT_PROTECTED_FINAL,948,DPR Wikipedia 2018-12-20,21015324,passage,bm25,mmr_0,mmr,lambda=0,ministral-3-14b,qwen3.6-36b,20,5,0,512,948,NO,COMPLETE_FROZEN,"Full dev948; full 21,015,324-passage corpus; ColBERTv2 not completed."
asqa,dev,PROJECT_PROTECTED_FINAL,948,DPR Wikipedia 2018-12-20,21015324,passage,bm25,mmr_0.25,mmr,lambda=0.25,gemma4-26b,gemma4-26b,20,5,0,512,948,NO,COMPLETE_FROZEN,"Full dev948; full 21,015,324-passage corpus; ColBERTv2 not completed."
asqa,dev,PROJECT_PROTECTED_FINAL,948,DPR Wikipedia 2018-12-20,21015324,passage,bm25,mmr_0.25,mmr,lambda=0.25,llama-3.3-70b,llama-3.3-70b,20,5,0,512,948,NO,COMPLETE_FROZEN,"Full dev948; full 21,015,324-passage corpus; ColBERTv2 not completed."
asqa,dev,PROJECT_PROTECTED_FINAL,948,DPR Wikipedia 2018-12-20,21015324,passage,bm25,mmr_0.25,mmr,lambda=0.25,ministral-3-14b,qwen3.6-36b,20,5,0,512,948,NO,COMPLETE_FROZEN,"Full dev948; full 21,015,324-passage corpus; ColBERTv2 not completed."
asqa,dev,PROJECT_PROTECTED_FINAL,948,DPR Wikipedia 2018-12-20,21015324,passage,bm25,mmr_0.5,mmr,lambda=0.5,gemma4-26b,gemma4-26b,20,5,0,512,948,NO,COMPLETE_FROZEN,"Full dev948; full 21,015,324-passage corpus; ColBERTv2 not completed."
asqa,dev,PROJECT_PROTECTED_FINAL,948,DPR Wikipedia 2018-12-20,21015324,passage,bm25,mmr_0.5,mmr,lambda=0.5,llama-3.3-70b,llama-3.3-70b,20,5,0,512,948,NO,COMPLETE_FROZEN,"Full dev948; full 21,015,324-passage corpus; ColBERTv2 not completed."
asqa,dev,PROJECT_PROTECTED_FINAL,948,DPR Wikipedia 2018-12-20,21015324,passage,bm25,mmr_0.5,mmr,lambda=0.5,ministral-3-14b,qwen3.6-36b,20,5,0,512,948,NO,COMPLETE_FROZEN,"Full dev948; full 21,015,324-passage corpus; ColBERTv2 not completed."
asqa,dev,PROJECT_PROTECTED_FINAL,948,DPR Wikipedia 2018-12-20,21015324,passage,bm25,mmr_0.75,mmr,lambda=0.75,gemma4-26b,gemma4-26b,20,5,0,512,948,NO,COMPLETE_FROZEN,"Full dev948; full 21,015,324-passage corpus; ColBERTv2 not completed."
asqa,dev,PROJECT_PROTECTED_FINAL,948,DPR Wikipedia 2018-12-20,21015324,passage,bm25,mmr_0.75,mmr,lambda=0.75,llama-3.3-70b,llama-3.3-70b,20,5,0,512,948,NO,COMPLETE_FROZEN,"Full dev948; full 21,015,324-passage corpus; ColBERTv2 not completed."
asqa,dev,PROJECT_PROTECTED_FINAL,948,DPR Wikipedia 2018-12-20,21015324,passage,bm25,mmr_0.75,mmr,lambda=0.75,ministral-3-14b,qwen3.6-36b,20,5,0,512,948,NO,COMPLETE_FROZEN,"Full dev948; full 21,015,324-passage corpus; ColBERTv2 not completed."
asqa,dev,PROJECT_PROTECTED_FINAL,948,DPR Wikipedia 2018-12-20,21015324,passage,bm25,kmeans_k2,kmeans,k=2,gemma4-26b,gemma4-26b,20,5,0,512,948,NO,COMPLETE_FROZEN,"Full dev948; full 21,015,324-passage corpus; ColBERTv2 not completed."
asqa,dev,PROJECT_PROTECTED_FINAL,948,DPR Wikipedia 2018-12-20,21015324,passage,bm25,kmeans_k2,kmeans,k=2,llama-3.3-70b,llama-3.3-70b,20,5,0,512,948,NO,COMPLETE_FROZEN,"Full dev948; full 21,015,324-passage corpus; ColBERTv2 not completed."
asqa,dev,PROJECT_PROTECTED_FINAL,948,DPR Wikipedia 2018-12-20,21015324,passage,bm25,kmeans_k2,kmeans,k=2,ministral-3-14b,qwen3.6-36b,20,5,0,512,948,NO,COMPLETE_FROZEN,"Full dev948; full 21,015,324-passage corpus; ColBERTv2 not completed."
asqa,dev,PROJECT_PROTECTED_FINAL,948,DPR Wikipedia 2018-12-20,21015324,passage,bm25,agglo_k3,agglomerative,k=3,gemma4-26b,gemma4-26b,20,5,0,512,948,NO,COMPLETE_FROZEN,"Full dev948; full 21,015,324-passage corpus; ColBERTv2 not completed."
asqa,dev,PROJECT_PROTECTED_FINAL,948,DPR Wikipedia 2018-12-20,21015324,passage,bm25,agglo_k3,agglomerative,k=3,llama-3.3-70b,llama-3.3-70b,20,5,0,512,948,NO,COMPLETE_FROZEN,"Full dev948; full 21,015,324-passage corpus; ColBERTv2 not completed."
asqa,dev,PROJECT_PROTECTED_FINAL,948,DPR Wikipedia 2018-12-20,21015324,passage,bm25,agglo_k3,agglomerative,k=3,ministral-3-14b,qwen3.6-36b,20,5,0,512,948,NO,COMPLETE_FROZEN,"Full dev948; full 21,015,324-passage corpus; ColBERTv2 not completed."
asqa,dev,PROJECT_PROTECTED_FINAL,948,DPR Wikipedia 2018-12-20,21015324,passage,bm25,dpp_map,dpp,MAP,gemma4-26b,gemma4-26b,20,5,0,512,948,NO,COMPLETE_FROZEN,"Full dev948; full 21,015,324-passage corpus; ColBERTv2 not completed."
asqa,dev,PROJECT_PROTECTED_FINAL,948,DPR Wikipedia 2018-12-20,21015324,passage,bm25,dpp_map,dpp,MAP,llama-3.3-70b,llama-3.3-70b,20,5,0,512,948,NO,COMPLETE_FROZEN,"Full dev948; full 21,015,324-passage corpus; ColBERTv2 not completed."
asqa,dev,PROJECT_PROTECTED_FINAL,948,DPR Wikipedia 2018-12-20,21015324,passage,bm25,dpp_map,dpp,MAP,ministral-3-14b,qwen3.6-36b,20,5,0,512,948,NO,COMPLETE_FROZEN,"Full dev948; full 21,015,324-passage corpus; ColBERTv2 not completed."
asqa,dev,PROJECT_PROTECTED_FINAL,948,DPR Wikipedia 2018-12-20,21015324,passage,dpr,none,none,,gemma4-26b,gemma4-26b,20,5,0,512,948,YES,COMPLETE_FROZEN,"Full dev948; full 21,015,324-passage corpus; ColBERTv2 not completed."
asqa,dev,PROJECT_PROTECTED_FINAL,948,DPR Wikipedia 2018-12-20,21015324,passage,dpr,none,none,,llama-3.3-70b,llama-3.3-70b,20,5,0,512,948,YES,COMPLETE_FROZEN,"Full dev948; full 21,015,324-passage corpus; ColBERTv2 not completed."
asqa,dev,PROJECT_PROTECTED_FINAL,948,DPR Wikipedia 2018-12-20,21015324,passage,dpr,none,none,,ministral-3-14b,qwen3.6-36b,20,5,0,512,948,YES,COMPLETE_FROZEN,"Full dev948; full 21,015,324-passage corpus; ColBERTv2 not completed."
asqa,dev,PROJECT_PROTECTED_FINAL,948,DPR Wikipedia 2018-12-20,21015324,passage,dpr,mmr_0,mmr,lambda=0,gemma4-26b,gemma4-26b,20,5,0,512,948,NO,COMPLETE_FROZEN,"Full dev948; full 21,015,324-passage corpus; ColBERTv2 not completed."
asqa,dev,PROJECT_PROTECTED_FINAL,948,DPR Wikipedia 2018-12-20,21015324,passage,dpr,mmr_0,mmr,lambda=0,llama-3.3-70b,llama-3.3-70b,20,5,0,512,948,NO,COMPLETE_FROZEN,"Full dev948; full 21,015,324-passage corpus; ColBERTv2 not completed."
asqa,dev,PROJECT_PROTECTED_FINAL,948,DPR Wikipedia 2018-12-20,21015324,passage,dpr,mmr_0,mmr,lambda=0,ministral-3-14b,qwen3.6-36b,20,5,0,512,948,NO,COMPLETE_FROZEN,"Full dev948; full 21,015,324-passage corpus; ColBERTv2 not completed."
asqa,dev,PROJECT_PROTECTED_FINAL,948,DPR Wikipedia 2018-12-20,21015324,passage,dpr,mmr_0.25,mmr,lambda=0.25,gemma4-26b,gemma4-26b,20,5,0,512,948,NO,COMPLETE_FROZEN,"Full dev948; full 21,015,324-passage corpus; ColBERTv2 not completed."
asqa,dev,PROJECT_PROTECTED_FINAL,948,DPR Wikipedia 2018-12-20,21015324,passage,dpr,mmr_0.25,mmr,lambda=0.25,llama-3.3-70b,llama-3.3-70b,20,5,0,512,948,NO,COMPLETE_FROZEN,"Full dev948; full 21,015,324-passage corpus; ColBERTv2 not completed."
asqa,dev,PROJECT_PROTECTED_FINAL,948,DPR Wikipedia 2018-12-20,21015324,passage,dpr,mmr_0.25,mmr,lambda=0.25,ministral-3-14b,qwen3.6-36b,20,5,0,512,948,NO,COMPLETE_FROZEN,"Full dev948; full 21,015,324-passage corpus; ColBERTv2 not completed."
asqa,dev,PROJECT_PROTECTED_FINAL,948,DPR Wikipedia 2018-12-20,21015324,passage,dpr,mmr_0.5,mmr,lambda=0.5,gemma4-26b,gemma4-26b,20,5,0,512,948,NO,COMPLETE_FROZEN,"Full dev948; full 21,015,324-passage corpus; ColBERTv2 not completed."
asqa,dev,PROJECT_PROTECTED_FINAL,948,DPR Wikipedia 2018-12-20,21015324,passage,dpr,mmr_0.5,mmr,lambda=0.5,llama-3.3-70b,llama-3.3-70b,20,5,0,512,948,NO,COMPLETE_FROZEN,"Full dev948; full 21,015,324-passage corpus; ColBERTv2 not completed."
asqa,dev,PROJECT_PROTECTED_FINAL,948,DPR Wikipedia 2018-12-20,21015324,passage,dpr,mmr_0.5,mmr,lambda=0.5,ministral-3-14b,qwen3.6-36b,20,5,0,512,948,NO,COMPLETE_FROZEN,"Full dev948; full 21,015,324-passage corpus; ColBERTv2 not completed."
asqa,dev,PROJECT_PROTECTED_FINAL,948,DPR Wikipedia 2018-12-20,21015324,passage,dpr,mmr_0.75,mmr,lambda=0.75,gemma4-26b,gemma4-26b,20,5,0,512,948,NO,COMPLETE_FROZEN,"Full dev948; full 21,015,324-passage corpus; ColBERTv2 not completed."
asqa,dev,PROJECT_PROTECTED_FINAL,948,DPR Wikipedia 2018-12-20,21015324,passage,dpr,mmr_0.75,mmr,lambda=0.75,llama-3.3-70b,llama-3.3-70b,20,5,0,512,948,NO,COMPLETE_FROZEN,"Full dev948; full 21,015,324-passage corpus; ColBERTv2 not completed."
asqa,dev,PROJECT_PROTECTED_FINAL,948,DPR Wikipedia 2018-12-20,21015324,passage,dpr,mmr_0.75,mmr,lambda=0.75,ministral-3-14b,qwen3.6-36b,20,5,0,512,948,NO,COMPLETE_FROZEN,"Full dev948; full 21,015,324-passage corpus; ColBERTv2 not completed."
asqa,dev,PROJECT_PROTECTED_FINAL,948,DPR Wikipedia 2018-12-20,21015324,passage,dpr,kmeans_k2,kmeans,k=2,gemma4-26b,gemma4-26b,20,5,0,512,948,NO,COMPLETE_FROZEN,"Full dev948; full 21,015,324-passage corpus; ColBERTv2 not completed."
asqa,dev,PROJECT_PROTECTED_FINAL,948,DPR Wikipedia 2018-12-20,21015324,passage,dpr,kmeans_k2,kmeans,k=2,llama-3.3-70b,llama-3.3-70b,20,5,0,512,948,NO,COMPLETE_FROZEN,"Full dev948; full 21,015,324-passage corpus; ColBERTv2 not completed."
asqa,dev,PROJECT_PROTECTED_FINAL,948,DPR Wikipedia 2018-12-20,21015324,passage,dpr,kmeans_k2,kmeans,k=2,ministral-3-14b,qwen3.6-36b,20,5,0,512,948,NO,COMPLETE_FROZEN,"Full dev948; full 21,015,324-passage corpus; ColBERTv2 not completed."
asqa,dev,PROJECT_PROTECTED_FINAL,948,DPR Wikipedia 2018-12-20,21015324,passage,dpr,agglo_k3,agglomerative,k=3,gemma4-26b,gemma4-26b,20,5,0,512,948,NO,COMPLETE_FROZEN,"Full dev948; full 21,015,324-passage corpus; ColBERTv2 not completed."
asqa,dev,PROJECT_PROTECTED_FINAL,948,DPR Wikipedia 2018-12-20,21015324,passage,dpr,agglo_k3,agglomerative,k=3,llama-3.3-70b,llama-3.3-70b,20,5,0,512,948,NO,COMPLETE_FROZEN,"Full dev948; full 21,015,324-passage corpus; ColBERTv2 not completed."
asqa,dev,PROJECT_PROTECTED_FINAL,948,DPR Wikipedia 2018-12-20,21015324,passage,dpr,agglo_k3,agglomerative,k=3,ministral-3-14b,qwen3.6-36b,20,5,0,512,948,NO,COMPLETE_FROZEN,"Full dev948; full 21,015,324-passage corpus; ColBERTv2 not completed."
asqa,dev,PROJECT_PROTECTED_FINAL,948,DPR Wikipedia 2018-12-20,21015324,passage,dpr,dpp_map,dpp,MAP,gemma4-26b,gemma4-26b,20,5,0,512,948,NO,COMPLETE_FROZEN,"Full dev948; full 21,015,324-passage corpus; ColBERTv2 not completed."
asqa,dev,PROJECT_PROTECTED_FINAL,948,DPR Wikipedia 2018-12-20,21015324,passage,dpr,dpp_map,dpp,MAP,llama-3.3-70b,llama-3.3-70b,20,5,0,512,948,NO,COMPLETE_FROZEN,"Full dev948; full 21,015,324-passage corpus; ColBERTv2 not completed."
asqa,dev,PROJECT_PROTECTED_FINAL,948,DPR Wikipedia 2018-12-20,21015324,passage,dpr,dpp_map,dpp,MAP,ministral-3-14b,qwen3.6-36b,20,5,0,512,948,NO,COMPLETE_FROZEN,"Full dev948; full 21,015,324-passage corpus; ColBERTv2 not completed."
asqa,dev,PROJECT_PROTECTED_FINAL,948,DPR Wikipedia 2018-12-20,21015324,passage,contriever,none,none,,gemma4-26b,gemma4-26b,20,5,0,512,948,YES,COMPLETE_FROZEN,"Full dev948; full 21,015,324-passage corpus; ColBERTv2 not completed."
asqa,dev,PROJECT_PROTECTED_FINAL,948,DPR Wikipedia 2018-12-20,21015324,passage,contriever,none,none,,llama-3.3-70b,llama-3.3-70b,20,5,0,512,948,YES,COMPLETE_FROZEN,"Full dev948; full 21,015,324-passage corpus; ColBERTv2 not completed."
asqa,dev,PROJECT_PROTECTED_FINAL,948,DPR Wikipedia 2018-12-20,21015324,passage,contriever,none,none,,ministral-3-14b,qwen3.6-36b,20,5,0,512,948,YES,COMPLETE_FROZEN,"Full dev948; full 21,015,324-passage corpus; ColBERTv2 not completed."
asqa,dev,PROJECT_PROTECTED_FINAL,948,DPR Wikipedia 2018-12-20,21015324,passage,contriever,mmr_0,mmr,lambda=0,gemma4-26b,gemma4-26b,20,5,0,512,948,NO,COMPLETE_FROZEN,"Full dev948; full 21,015,324-passage corpus; ColBERTv2 not completed."
asqa,dev,PROJECT_PROTECTED_FINAL,948,DPR Wikipedia 2018-12-20,21015324,passage,contriever,mmr_0,mmr,lambda=0,llama-3.3-70b,llama-3.3-70b,20,5,0,512,948,NO,COMPLETE_FROZEN,"Full dev948; full 21,015,324-passage corpus; ColBERTv2 not completed."
asqa,dev,PROJECT_PROTECTED_FINAL,948,DPR Wikipedia 2018-12-20,21015324,passage,contriever,mmr_0,mmr,lambda=0,ministral-3-14b,qwen3.6-36b,20,5,0,512,948,NO,COMPLETE_FROZEN,"Full dev948; full 21,015,324-passage corpus; ColBERTv2 not completed."
asqa,dev,PROJECT_PROTECTED_FINAL,948,DPR Wikipedia 2018-12-20,21015324,passage,contriever,mmr_0.25,mmr,lambda=0.25,gemma4-26b,gemma4-26b,20,5,0,512,948,NO,COMPLETE_FROZEN,"Full dev948; full 21,015,324-passage corpus; ColBERTv2 not completed."
asqa,dev,PROJECT_PROTECTED_FINAL,948,DPR Wikipedia 2018-12-20,21015324,passage,contriever,mmr_0.25,mmr,lambda=0.25,llama-3.3-70b,llama-3.3-70b,20,5,0,512,948,NO,COMPLETE_FROZEN,"Full dev948; full 21,015,324-passage corpus; ColBERTv2 not completed."
asqa,dev,PROJECT_PROTECTED_FINAL,948,DPR Wikipedia 2018-12-20,21015324,passage,contriever,mmr_0.25,mmr,lambda=0.25,ministral-3-14b,qwen3.6-36b,20,5,0,512,948,NO,COMPLETE_FROZEN,"Full dev948; full 21,015,324-passage corpus; ColBERTv2 not completed."
asqa,dev,PROJECT_PROTECTED_FINAL,948,DPR Wikipedia 2018-12-20,21015324,passage,contriever,mmr_0.5,mmr,lambda=0.5,gemma4-26b,gemma4-26b,20,5,0,512,948,NO,COMPLETE_FROZEN,"Full dev948; full 21,015,324-passage corpus; ColBERTv2 not completed."
asqa,dev,PROJECT_PROTECTED_FINAL,948,DPR Wikipedia 2018-12-20,21015324,passage,contriever,mmr_0.5,mmr,lambda=0.5,llama-3.3-70b,llama-3.3-70b,20,5,0,512,948,NO,COMPLETE_FROZEN,"Full dev948; full 21,015,324-passage corpus; ColBERTv2 not completed."
asqa,dev,PROJECT_PROTECTED_FINAL,948,DPR Wikipedia 2018-12-20,21015324,passage,contriever,mmr_0.5,mmr,lambda=0.5,ministral-3-14b,qwen3.6-36b,20,5,0,512,948,NO,COMPLETE_FROZEN,"Full dev948; full 21,015,324-passage corpus; ColBERTv2 not completed."
asqa,dev,PROJECT_PROTECTED_FINAL,948,DPR Wikipedia 2018-12-20,21015324,passage,contriever,mmr_0.75,mmr,lambda=0.75,gemma4-26b,gemma4-26b,20,5,0,512,948,NO,COMPLETE_FROZEN,"Full dev948; full 21,015,324-passage corpus; ColBERTv2 not completed."
asqa,dev,PROJECT_PROTECTED_FINAL,948,DPR Wikipedia 2018-12-20,21015324,passage,contriever,mmr_0.75,mmr,lambda=0.75,llama-3.3-70b,llama-3.3-70b,20,5,0,512,948,NO,COMPLETE_FROZEN,"Full dev948; full 21,015,324-passage corpus; ColBERTv2 not completed."
asqa,dev,PROJECT_PROTECTED_FINAL,948,DPR Wikipedia 2018-12-20,21015324,passage,contriever,mmr_0.75,mmr,lambda=0.75,ministral-3-14b,qwen3.6-36b,20,5,0,512,948,NO,COMPLETE_FROZEN,"Full dev948; full 21,015,324-passage corpus; ColBERTv2 not completed."
asqa,dev,PROJECT_PROTECTED_FINAL,948,DPR Wikipedia 2018-12-20,21015324,passage,contriever,kmeans_k2,kmeans,k=2,gemma4-26b,gemma4-26b,20,5,0,512,948,NO,COMPLETE_FROZEN,"Full dev948; full 21,015,324-passage corpus; ColBERTv2 not completed."
asqa,dev,PROJECT_PROTECTED_FINAL,948,DPR Wikipedia 2018-12-20,21015324,passage,contriever,kmeans_k2,kmeans,k=2,llama-3.3-70b,llama-3.3-70b,20,5,0,512,948,NO,COMPLETE_FROZEN,"Full dev948; full 21,015,324-passage corpus; ColBERTv2 not completed."
asqa,dev,PROJECT_PROTECTED_FINAL,948,DPR Wikipedia 2018-12-20,21015324,passage,contriever,kmeans_k2,kmeans,k=2,ministral-3-14b,qwen3.6-36b,20,5,0,512,948,NO,COMPLETE_FROZEN,"Full dev948; full 21,015,324-passage corpus; ColBERTv2 not completed."
asqa,dev,PROJECT_PROTECTED_FINAL,948,DPR Wikipedia 2018-12-20,21015324,passage,contriever,agglo_k3,agglomerative,k=3,gemma4-26b,gemma4-26b,20,5,0,512,948,NO,COMPLETE_FROZEN,"Full dev948; full 21,015,324-passage corpus; ColBERTv2 not completed."
asqa,dev,PROJECT_PROTECTED_FINAL,948,DPR Wikipedia 2018-12-20,21015324,passage,contriever,agglo_k3,agglomerative,k=3,llama-3.3-70b,llama-3.3-70b,20,5,0,512,948,NO,COMPLETE_FROZEN,"Full dev948; full 21,015,324-passage corpus; ColBERTv2 not completed."
asqa,dev,PROJECT_PROTECTED_FINAL,948,DPR Wikipedia 2018-12-20,21015324,passage,contriever,agglo_k3,agglomerative,k=3,ministral-3-14b,qwen3.6-36b,20,5,0,512,948,NO,COMPLETE_FROZEN,"Full dev948; full 21,015,324-passage corpus; ColBERTv2 not completed."
asqa,dev,PROJECT_PROTECTED_FINAL,948,DPR Wikipedia 2018-12-20,21015324,passage,contriever,dpp_map,dpp,MAP,gemma4-26b,gemma4-26b,20,5,0,512,948,NO,COMPLETE_FROZEN,"Full dev948; full 21,015,324-passage corpus; ColBERTv2 not completed."
asqa,dev,PROJECT_PROTECTED_FINAL,948,DPR Wikipedia 2018-12-20,21015324,passage,contriever,dpp_map,dpp,MAP,llama-3.3-70b,llama-3.3-70b,20,5,0,512,948,NO,COMPLETE_FROZEN,"Full dev948; full 21,015,324-passage corpus; ColBERTv2 not completed."
asqa,dev,PROJECT_PROTECTED_FINAL,948,DPR Wikipedia 2018-12-20,21015324,passage,contriever,dpp_map,dpp,MAP,ministral-3-14b,qwen3.6-36b,20,5,0,512,948,NO,COMPLETE_FROZEN,"Full dev948; full 21,015,324-passage corpus; ColBERTv2 not completed."
