logical_figure_name,core_figure_id,presentation_core,phase,dataset_hint,format,relative_path,size_bytes,sha256,figure_root,scientific_status,plot_regenerated
phase41_asqa_correctness_by_condition,F03,YES,4.1,asqa,pdf,cross_phase_summary_20260927/phase41_asqa_correctness_by_condition.pdf,17219,8906fc7226f7aba74e8230d1a67394a6416a70ddb548d8eb9157687c7071e363,exports/final_figure_packs_freeze_20260927,FROZEN_EXISTING_FIGURE,NO
phase41_asqa_correctness_by_condition,F03,YES,4.1,asqa,png,cross_phase_summary_20260927/phase41_asqa_correctness_by_condition.png,136677,cbe8c9a5e44a62fea86e734f49cd1a685744b54159c25b1d59faf6bc2bebea2d,exports/final_figure_packs_freeze_20260927,FROZEN_EXISTING_FIGURE,NO
phase41_asqa_correctness_by_llm,F06,YES,4.1,asqa,pdf,cross_phase_summary_20260927/phase41_asqa_correctness_by_llm.pdf,16127,38e5c8f2eae01025777c7598a50fbad6b06db9089071f6b75d2071ee3c9683ea,exports/final_figure_packs_freeze_20260927,FROZEN_EXISTING_FIGURE,NO
phase41_asqa_correctness_by_llm,F06,YES,4.1,asqa,png,cross_phase_summary_20260927/phase41_asqa_correctness_by_llm.png,133918,3fe7ef5d581d327bc54c1728b44c8cc42af049af7fa03b30b058f8cdff9fe8a2,exports/final_figure_packs_freeze_20260927,FROZEN_EXISTING_FIGURE,NO
phase41_hotpotqa_correctness_by_condition,F02,YES,4.1,hotpotqa,pdf,cross_phase_summary_20260927/phase41_hotpotqa_correctness_by_condition.pdf,16416,67b7b0453c461548930b7e1a10f390f9f73f8aefc394ded6ee058a55888bc4b5,exports/final_figure_packs_freeze_20260927,FROZEN_EXISTING_FIGURE,NO
phase41_hotpotqa_correctness_by_condition,F02,YES,4.1,hotpotqa,png,cross_phase_summary_20260927/phase41_hotpotqa_correctness_by_condition.png,137336,9bf89b463ed01add2a67bd33e2414929a6b0a4fce627965879e05fe12c0a50dd,exports/final_figure_packs_freeze_20260927,FROZEN_EXISTING_FIGURE,NO
phase41_hotpotqa_correctness_by_llm,F05,YES,4.1,hotpotqa,pdf,cross_phase_summary_20260927/phase41_hotpotqa_correctness_by_llm.pdf,16237,f273c0d50176825bbe931b3fb4d133dcd1b1a870ec679dfa11e29d2feac57b84,exports/final_figure_packs_freeze_20260927,FROZEN_EXISTING_FIGURE,NO
phase41_hotpotqa_correctness_by_llm,F05,YES,4.1,hotpotqa,png,cross_phase_summary_20260927/phase41_hotpotqa_correctness_by_llm.png,133646,e925984359bc7ab39031be9cb373f80a87d05889d12ce453ee3cdd5f5603a940,exports/final_figure_packs_freeze_20260927,FROZEN_EXISTING_FIGURE,NO
phase41_pubmedqa_correctness_by_condition,F01,YES,4.1,pubmedqa,pdf,cross_phase_summary_20260927/phase41_pubmedqa_correctness_by_condition.pdf,15625,846bb9e14a51231199a062ded6f83a84857f2817fd1fa960c1fd635cb23a7c5c,exports/final_figure_packs_freeze_20260927,FROZEN_EXISTING_FIGURE,NO
phase41_pubmedqa_correctness_by_condition,F01,YES,4.1,pubmedqa,png,cross_phase_summary_20260927/phase41_pubmedqa_correctness_by_condition.png,143696,cf37e02b6112be791a8bfacf4ba55ae1ead57774d88e795e6a6e4d98835d348a,exports/final_figure_packs_freeze_20260927,FROZEN_EXISTING_FIGURE,NO
phase41_pubmedqa_correctness_by_llm,F04,YES,4.1,pubmedqa,pdf,cross_phase_summary_20260927/phase41_pubmedqa_correctness_by_llm.pdf,15694,949d25a14afb39512c9f1fcd0086bc85408621b0b9bac29960d213cb43d92f3b,exports/final_figure_packs_freeze_20260927,FROZEN_EXISTING_FIGURE,NO
phase41_pubmedqa_correctness_by_llm,F04,YES,4.1,pubmedqa,png,cross_phase_summary_20260927/phase41_pubmedqa_correctness_by_llm.png,140663,cc89049e48e6a6e81fd86cdd77dc2aeb8af520563aef1c3da22bf2c999a0e29f,exports/final_figure_packs_freeze_20260927,FROZEN_EXISTING_FIGURE,NO
phase42_faithfulness_by_condition,F07,YES,4.2,unspecified,pdf,cross_phase_summary_20260927/phase42_faithfulness_by_condition.pdf,18633,97a6db258e0c66fdfbfdc5a0ea1917421a7d7eabd7542d4207b521a236a20d2d,exports/final_figure_packs_freeze_20260927,FROZEN_EXISTING_FIGURE,NO
phase42_faithfulness_by_condition,F07,YES,4.2,unspecified,png,cross_phase_summary_20260927/phase42_faithfulness_by_condition.png,193235,1a176818004788695098c93ca3ef01f69c7f4a36a7cd0d9a4e19568c81f2191c,exports/final_figure_packs_freeze_20260927,FROZEN_EXISTING_FIGURE,NO
phase42_faithfulness_by_llm,F09,YES,4.2,unspecified,pdf,cross_phase_summary_20260927/phase42_faithfulness_by_llm.pdf,18214,5b18b7a31f160eb56dd339bbc519e49cc7e0d25553e1c4bad336f8064fc7c1b7,exports/final_figure_packs_freeze_20260927,FROZEN_EXISTING_FIGURE,NO
phase42_faithfulness_by_llm,F09,YES,4.2,unspecified,png,cross_phase_summary_20260927/phase42_faithfulness_by_llm.png,183236,410da380d481d362fa633481476ca0ca8e003c260ccc6b9627a45f8c0334d2e6,exports/final_figure_packs_freeze_20260927,FROZEN_EXISTING_FIGURE,NO
phase42_hallucination_by_condition,F08,YES,4.2,unspecified,pdf,cross_phase_summary_20260927/phase42_hallucination_by_condition.pdf,18210,d51f6c12a95daf356ccbd77b853604e958aa0ddfd9fdc3ca2f126b14ad0ab247,exports/final_figure_packs_freeze_20260927,FROZEN_EXISTING_FIGURE,NO
phase42_hallucination_by_condition,F08,YES,4.2,unspecified,png,cross_phase_summary_20260927/phase42_hallucination_by_condition.png,194100,3934ad9ccb9bb55e3a44dba85801a3cb2be07128303c42bfc5a03025aead6ca4,exports/final_figure_packs_freeze_20260927,FROZEN_EXISTING_FIGURE,NO
phase42_hallucination_by_llm,F10,YES,4.2,unspecified,pdf,cross_phase_summary_20260927/phase42_hallucination_by_llm.pdf,18145,12d6ee2152799e47a637ce1ccea4ce97cef69fcc26e9d6071fed9c2aea535016,exports/final_figure_packs_freeze_20260927,FROZEN_EXISTING_FIGURE,NO
phase42_hallucination_by_llm,F10,YES,4.2,unspecified,png,cross_phase_summary_20260927/phase42_hallucination_by_llm.png,209794,b409dbfc0bba91dfe27ae15cf4ad0f489d273388a1af2dc8130e4c4a431468a1,exports/final_figure_packs_freeze_20260927,FROZEN_EXISTING_FIGURE,NO
phase43_asqa_coverage_by_condition,F13,YES,4.3,asqa,pdf,cross_phase_summary_20260927/phase43_asqa_coverage_by_condition.pdf,14568,cac60dd5a1f3677d7a6e0e45d6e1d5460bdb55658a0bb0c164a13384506fa61b,exports/final_figure_packs_freeze_20260927,FROZEN_EXISTING_FIGURE,NO
phase43_asqa_coverage_by_condition,F13,YES,4.3,asqa,png,cross_phase_summary_20260927/phase43_asqa_coverage_by_condition.png,123096,f5e48f9aa014b4a7953ecc6f44b6eea6bcc363847cbdd205cb68e1fc40220054,exports/final_figure_packs_freeze_20260927,FROZEN_EXISTING_FIGURE,NO
phase43_hotpotqa_coverage_by_condition,F12,YES,4.3,hotpotqa,pdf,cross_phase_summary_20260927/phase43_hotpotqa_coverage_by_condition.pdf,17248,2139ff6425a6b662c827ab39620fb571cde50279907f5064dadc6ebce62f5366,exports/final_figure_packs_freeze_20260927,FROZEN_EXISTING_FIGURE,NO
phase43_hotpotqa_coverage_by_condition,F12,YES,4.3,hotpotqa,png,cross_phase_summary_20260927/phase43_hotpotqa_coverage_by_condition.png,143507,46386dc41e640a9b3920f307c5484d970d423187d53cb8d7f3b567752e80756f,exports/final_figure_packs_freeze_20260927,FROZEN_EXISTING_FIGURE,NO
phase43_pubmedqa_coverage_by_condition,F11,YES,4.3,pubmedqa,pdf,cross_phase_summary_20260927/phase43_pubmedqa_coverage_by_condition.pdf,16799,4c95bba44448cd7e91d5f50fc896aff0d1c5079b3e4151b7737cfccc23407a8a,exports/final_figure_packs_freeze_20260927,FROZEN_EXISTING_FIGURE,NO
phase43_pubmedqa_coverage_by_condition,F11,YES,4.3,pubmedqa,png,cross_phase_summary_20260927/phase43_pubmedqa_coverage_by_condition.png,140136,a2f044ea63c92c893adf825eb333931b2d535e52d3b84d6f2516e255d77fda2a,exports/final_figure_packs_freeze_20260927,FROZEN_EXISTING_FIGURE,NO
phase44_retrieval_diversity_by_condition,F14,YES,4.4,unspecified,pdf,cross_phase_summary_20260927/phase44_retrieval_diversity_by_condition.pdf,19008,d5c88c3caf9c401f435e0a56e838931ddba9eff8698d890adae874b650ef3936,exports/final_figure_packs_freeze_20260927,FROZEN_EXISTING_FIGURE,NO
phase44_retrieval_diversity_by_condition,F14,YES,4.4,unspecified,png,cross_phase_summary_20260927/phase44_retrieval_diversity_by_condition.png,362352,feecada2f83c53d0a07ed9dacae9f973810a9d51c1d2a79a229d1e27664a4546,exports/final_figure_packs_freeze_20260927,FROZEN_EXISTING_FIGURE,NO
phase45_asqa_output_diversity_by_condition,F15,YES,4.5,asqa,pdf,cross_phase_summary_20260927/phase45_asqa_output_diversity_by_condition.pdf,16614,3708ddb309ce676d69fabccfe99d7dc2edcfd050d880d4b7995acff8380c9a63,exports/final_figure_packs_freeze_20260927,FROZEN_EXISTING_FIGURE,NO
phase45_asqa_output_diversity_by_condition,F15,YES,4.5,asqa,png,cross_phase_summary_20260927/phase45_asqa_output_diversity_by_condition.png,166736,37357d0bd2b0f53ed8c5816f5128096614857a778e72be3ea0027a960b6c7616,exports/final_figure_packs_freeze_20260927,FROZEN_EXISTING_FIGURE,NO
phase45_asqa_output_diversity_by_llm,F16,YES,4.5,asqa,pdf,cross_phase_summary_20260927/phase45_asqa_output_diversity_by_llm.pdf,16764,d34479a5452da239b68fedad8b821e97efa2437fbf585a524a88aebec08aa6cd,exports/final_figure_packs_freeze_20260927,FROZEN_EXISTING_FIGURE,NO
phase45_asqa_output_diversity_by_llm,F16,YES,4.5,asqa,png,cross_phase_summary_20260927/phase45_asqa_output_diversity_by_llm.png,163926,742c9c9f36dee80ba4b8f7cedfc5d7dd872a6448de6649c7e2a6a24a7c77a1e2,exports/final_figure_packs_freeze_20260927,FROZEN_EXISTING_FIGURE,NO
phase51_asqa_diversity_accuracy,,NO,5.1,asqa,pdf,cross_phase_summary_20260927/phase51_asqa_diversity_accuracy.pdf,17317,61b5db266b2176f36564b8ce1710af852827cec9c12b49fac035883aa42e845b,exports/final_figure_packs_freeze_20260927,FROZEN_EXISTING_FIGURE,NO
phase51_asqa_diversity_accuracy,,NO,5.1,asqa,png,cross_phase_summary_20260927/phase51_asqa_diversity_accuracy.png,115497,7d09165b740ce622e0faaf44fe3813c102da1b8ce9b681c7e0f802c16750956a,exports/final_figure_packs_freeze_20260927,FROZEN_EXISTING_FIGURE,NO
phase51_hotpotqa_diversity_accuracy,,NO,5.1,hotpotqa,pdf,cross_phase_summary_20260927/phase51_hotpotqa_diversity_accuracy.pdf,17464,e9b60114df60fb8456dfe12ed71ded78f20175c9414bb3b3642a4850096d3333,exports/final_figure_packs_freeze_20260927,FROZEN_EXISTING_FIGURE,NO
phase51_hotpotqa_diversity_accuracy,,NO,5.1,hotpotqa,png,cross_phase_summary_20260927/phase51_hotpotqa_diversity_accuracy.png,126098,9c57b9b82fa20b53347d6c75814977e19e33d8bcbff4467bc1f8f48879768d97,exports/final_figure_packs_freeze_20260927,FROZEN_EXISTING_FIGURE,NO
phase51_pubmedqa_diversity_accuracy,,NO,5.1,pubmedqa,pdf,cross_phase_summary_20260927/phase51_pubmedqa_diversity_accuracy.pdf,17400,56598fac687618a15302cc33e19ecde3bf86b7c778222ea3084feffcf39c8b2c,exports/final_figure_packs_freeze_20260927,FROZEN_EXISTING_FIGURE,NO
phase51_pubmedqa_diversity_accuracy,,NO,5.1,pubmedqa,png,cross_phase_summary_20260927/phase51_pubmedqa_diversity_accuracy.png,132523,71ebdfc5e52d89bff4d34ff20c272fa6b3442c382eb61b2e6816bf28462c4df4,exports/final_figure_packs_freeze_20260927,FROZEN_EXISTING_FIGURE,NO
phase52_asqa_diversity_faithfulness,,NO,5.2,asqa,pdf,cross_phase_summary_20260927/phase52_asqa_diversity_faithfulness.pdf,16329,d81bfcb8c165e2fc6711edea4399b52f11e4fd9cda7b96e74b6d5ae81be3d01e,exports/final_figure_packs_freeze_20260927,FROZEN_EXISTING_FIGURE,NO
phase52_asqa_diversity_faithfulness,,NO,5.2,asqa,png,cross_phase_summary_20260927/phase52_asqa_diversity_faithfulness.png,125850,816932a3505e730f87de337f4cec9b2416d2627f8bdc36c77626cbfea7b0a1fe,exports/final_figure_packs_freeze_20260927,FROZEN_EXISTING_FIGURE,NO
phase52_asqa_diversity_hallucination,,NO,5.2,asqa,pdf,cross_phase_summary_20260927/phase52_asqa_diversity_hallucination.pdf,16441,2d27a71a44d15a5874e50a3afdee6dffc12830e36a38e67b9ddabed9cacd3405,exports/final_figure_packs_freeze_20260927,FROZEN_EXISTING_FIGURE,NO
phase52_asqa_diversity_hallucination,,NO,5.2,asqa,png,cross_phase_summary_20260927/phase52_asqa_diversity_hallucination.png,135605,f3e4f66f8f9155b472eeec7c511e728de6b76286bf0f69cfdf4182e6c6fea863,exports/final_figure_packs_freeze_20260927,FROZEN_EXISTING_FIGURE,NO
phase52_hotpotqa_diversity_faithfulness,,NO,5.2,hotpotqa,pdf,cross_phase_summary_20260927/phase52_hotpotqa_diversity_faithfulness.pdf,16447,6bffa63ad143ae3cec8b3cde2bdc3be8f6bb2a7ecc722e905bd989154d6c06e5,exports/final_figure_packs_freeze_20260927,FROZEN_EXISTING_FIGURE,NO
phase52_hotpotqa_diversity_faithfulness,,NO,5.2,hotpotqa,png,cross_phase_summary_20260927/phase52_hotpotqa_diversity_faithfulness.png,135494,4e84985c5db4db628e786a158d1d9dd49d4d2f961b16c3ce43a34db71e8597e4,exports/final_figure_packs_freeze_20260927,FROZEN_EXISTING_FIGURE,NO
phase52_hotpotqa_diversity_hallucination,,NO,5.2,hotpotqa,pdf,cross_phase_summary_20260927/phase52_hotpotqa_diversity_hallucination.pdf,16359,0b8c42258797684cfba4ca815b6ffa7b17b3cb54ed591872655457ff76fd47d0,exports/final_figure_packs_freeze_20260927,FROZEN_EXISTING_FIGURE,NO
phase52_hotpotqa_diversity_hallucination,,NO,5.2,hotpotqa,png,cross_phase_summary_20260927/phase52_hotpotqa_diversity_hallucination.png,137111,c40b749e5b34a99a41859cd31ed8325aaef7f4424e3bb5c09a73cda0e5d0d0fc,exports/final_figure_packs_freeze_20260927,FROZEN_EXISTING_FIGURE,NO
phase52_pubmedqa_diversity_faithfulness,,NO,5.2,pubmedqa,pdf,cross_phase_summary_20260927/phase52_pubmedqa_diversity_faithfulness.pdf,16316,9dab5cbdad8ad0c393bfe5bc696d4685a0afb12dfae9e5d7fe5818d35f6da3fc,exports/final_figure_packs_freeze_20260927,FROZEN_EXISTING_FIGURE,NO
phase52_pubmedqa_diversity_faithfulness,,NO,5.2,pubmedqa,png,cross_phase_summary_20260927/phase52_pubmedqa_diversity_faithfulness.png,133649,9bc3c34b2bd3a15d4ac9a6d9d1a5b3bb2e4d92b9094648b1cb1fb66546d7047b,exports/final_figure_packs_freeze_20260927,FROZEN_EXISTING_FIGURE,NO
phase52_pubmedqa_diversity_hallucination,,NO,5.2,pubmedqa,pdf,cross_phase_summary_20260927/phase52_pubmedqa_diversity_hallucination.pdf,16112,29607d894f2c747db0368ed1a6d1dd631fbace5347e36c7759cdbbca49c4926e,exports/final_figure_packs_freeze_20260927,FROZEN_EXISTING_FIGURE,NO
phase52_pubmedqa_diversity_hallucination,,NO,5.2,pubmedqa,png,cross_phase_summary_20260927/phase52_pubmedqa_diversity_hallucination.png,133113,7da13ae14067ed23edaf55186a40943e06be84b8dc52e741105cf219573526df,exports/final_figure_packs_freeze_20260927,FROZEN_EXISTING_FIGURE,NO
phase53_operating_points_context_output,F21,YES,5.3,unspecified,pdf,cross_phase_summary_20260927/phase53_operating_points_context_output.pdf,16566,1fd91af583949d34482954ef98d6489570e1f85cf9de0a4720b209d986d34a29,exports/final_figure_packs_freeze_20260927,FROZEN_EXISTING_FIGURE,NO
phase53_operating_points_context_output,F21,YES,5.3,unspecified,png,cross_phase_summary_20260927/phase53_operating_points_context_output.png,123236,2761a43fc2e5c8d1f2842d99da5e04f58afd1235188479b596b476ad309dc343,exports/final_figure_packs_freeze_20260927,FROZEN_EXISTING_FIGURE,NO
phase53_overall_context_output_association,,NO,5.3,cross_dataset,pdf,cross_phase_summary_20260927/phase53_overall_context_output_association.pdf,13882,a6b18ecd67306feb2ba3e63dca3f3afbdd09bfb36fde6b59d699b00da5cd5b99,exports/final_figure_packs_freeze_20260927,FROZEN_EXISTING_FIGURE,NO
phase53_overall_context_output_association,,NO,5.3,cross_dataset,png,cross_phase_summary_20260927/phase53_overall_context_output_association.png,125352,199234770dd3ecd318e135dc3e8ad83a398c8986a4775a5ff8628066197e8149,exports/final_figure_packs_freeze_20260927,FROZEN_EXISTING_FIGURE,NO
phase54_robustness_cross_phase_summary,F22,YES,5.4,unspecified,pdf,cross_phase_summary_20260927/phase54_robustness_cross_phase_summary.pdf,16383,03bc0ea16632bc3cd73c5314f098e205c70948b34fb908cbfac3ec5940ee4b48,exports/final_figure_packs_freeze_20260927,FROZEN_EXISTING_FIGURE,NO
phase54_robustness_cross_phase_summary,F22,YES,5.4,unspecified,png,cross_phase_summary_20260927/phase54_robustness_cross_phase_summary.png,111843,d58a3c4ddbaf686b5c8f51b25b5849ec023ac8022557da5ccb757786583d0f93,exports/final_figure_packs_freeze_20260927,FROZEN_EXISTING_FIGURE,NO
phase41_asqa_bm25_qa_f1,,NO,4.1,asqa,pdf,detailed_retriever_llm_20260927/phase41_asqa_bm25_qa_f1.pdf,20608,448dc549aba83dcdae56b967775a8ad89a80ce87093999857c83d3f74a9e3a74,exports/final_figure_packs_freeze_20260927,FROZEN_EXISTING_FIGURE,NO
phase41_asqa_bm25_qa_f1,,NO,4.1,asqa,png,detailed_retriever_llm_20260927/phase41_asqa_bm25_qa_f1.png,213705,d95b469e61aef29fae418dde7c330d29e663b4107211c6c655c9ede5074387b6,exports/final_figure_packs_freeze_20260927,FROZEN_EXISTING_FIGURE,NO
phase41_asqa_contriever_qa_f1,,NO,4.1,asqa,pdf,detailed_retriever_llm_20260927/phase41_asqa_contriever_qa_f1.pdf,20614,8358bdff42471cdbd78a900341c64100b830c5b77b9fffab4698d8699a569587,exports/final_figure_packs_freeze_20260927,FROZEN_EXISTING_FIGURE,NO
phase41_asqa_contriever_qa_f1,,NO,4.1,asqa,png,detailed_retriever_llm_20260927/phase41_asqa_contriever_qa_f1.png,218190,f7abf7285ae94755ec677c803b213b74c9e546fcab8ac882688cf2b2874fd0f3,exports/final_figure_packs_freeze_20260927,FROZEN_EXISTING_FIGURE,NO
phase41_asqa_dpr_qa_f1,,NO,4.1,asqa,pdf,detailed_retriever_llm_20260927/phase41_asqa_dpr_qa_f1.pdf,20613,89a07dca041c02a3611a277ebba77d9e96b537fe2c952a5ba47a9ce95b838865,exports/final_figure_packs_freeze_20260927,FROZEN_EXISTING_FIGURE,NO
phase41_asqa_dpr_qa_f1,,NO,4.1,asqa,png,detailed_retriever_llm_20260927/phase41_asqa_dpr_qa_f1.png,216505,3e572c90230feb9cc11fad9788a18812584b4e5d82536e1d98924d276eb7c2fe,exports/final_figure_packs_freeze_20260927,FROZEN_EXISTING_FIGURE,NO
phase41_hotpotqa_bm25_mean_f1,,NO,4.1,hotpotqa,pdf,detailed_retriever_llm_20260927/phase41_hotpotqa_bm25_mean_f1.pdf,19797,a57017dd49ea10ead8cb5e1db736d22df3055384c6184b253a399d3b299e53e1,exports/final_figure_packs_freeze_20260927,FROZEN_EXISTING_FIGURE,NO
phase41_hotpotqa_bm25_mean_f1,,NO,4.1,hotpotqa,png,detailed_retriever_llm_20260927/phase41_hotpotqa_bm25_mean_f1.png,214113,57dfe4cb4c8a3c2a930dfc02d504a666ec2777300666ac6f1626cb5d0a0f78c1,exports/final_figure_packs_freeze_20260927,FROZEN_EXISTING_FIGURE,NO
phase41_hotpotqa_colbertv2_mean_f1,,NO,4.1,hotpotqa,pdf,detailed_retriever_llm_20260927/phase41_hotpotqa_colbertv2_mean_f1.pdf,19988,7364af583aa9f4d09aa15baf12ed8cb8642f9e254d5575ba2003d77b14d78b64,exports/final_figure_packs_freeze_20260927,FROZEN_EXISTING_FIGURE,NO
phase41_hotpotqa_colbertv2_mean_f1,,NO,4.1,hotpotqa,png,detailed_retriever_llm_20260927/phase41_hotpotqa_colbertv2_mean_f1.png,219131,f5d7128e1c749aa6e111ff340e6f7d6a0b9d39b2a745a5919816338f8eaca7f6,exports/final_figure_packs_freeze_20260927,FROZEN_EXISTING_FIGURE,NO
phase41_hotpotqa_contriever_mean_f1,,NO,4.1,hotpotqa,pdf,detailed_retriever_llm_20260927/phase41_hotpotqa_contriever_mean_f1.pdf,19811,52a0539d9eca8c0192de7f6cf21d0730bb85c453539532b3bdcc79bf81cc53aa,exports/final_figure_packs_freeze_20260927,FROZEN_EXISTING_FIGURE,NO
phase41_hotpotqa_contriever_mean_f1,,NO,4.1,hotpotqa,png,detailed_retriever_llm_20260927/phase41_hotpotqa_contriever_mean_f1.png,228272,3aa4f8699e85b554e88db3fef7ed8c96a583ed76bbfd65a0b25d1ca2bee222de,exports/final_figure_packs_freeze_20260927,FROZEN_EXISTING_FIGURE,NO
phase41_hotpotqa_dpr_mean_f1,,NO,4.1,hotpotqa,pdf,detailed_retriever_llm_20260927/phase41_hotpotqa_dpr_mean_f1.pdf,19796,b9d6f5bba49fcc022c4a0bfb649a674ae8233f5b221a41974d1a7e314885f16f,exports/final_figure_packs_freeze_20260927,FROZEN_EXISTING_FIGURE,NO
phase41_hotpotqa_dpr_mean_f1,,NO,4.1,hotpotqa,png,detailed_retriever_llm_20260927/phase41_hotpotqa_dpr_mean_f1.png,210021,5cb491bc10e3102cfdb781541d07846d3964df57b2dea285d6648d3aa39dd36b,exports/final_figure_packs_freeze_20260927,FROZEN_EXISTING_FIGURE,NO
phase41_pubmedqa_bm25_decision_accuracy,,NO,4.1,pubmedqa,pdf,detailed_retriever_llm_20260927/phase41_pubmedqa_bm25_decision_accuracy.pdf,19624,35a78d644104318c4ecfa4d4166e1f1ef85fccfc9b09d311378d1f5f367a9848,exports/final_figure_packs_freeze_20260927,FROZEN_EXISTING_FIGURE,NO
phase41_pubmedqa_bm25_decision_accuracy,,NO,4.1,pubmedqa,png,detailed_retriever_llm_20260927/phase41_pubmedqa_bm25_decision_accuracy.png,247351,70d9a89902d856ecb56f2b9712b50700a983c728c073dabf2317b14153bb92e0,exports/final_figure_packs_freeze_20260927,FROZEN_EXISTING_FIGURE,NO
phase41_pubmedqa_colbertv2_decision_accuracy,,NO,4.1,pubmedqa,pdf,detailed_retriever_llm_20260927/phase41_pubmedqa_colbertv2_decision_accuracy.pdf,19995,4217b74eb0b80f3406065b32636877400d611a284960b4ab2fcb5d2b932ff376,exports/final_figure_packs_freeze_20260927,FROZEN_EXISTING_FIGURE,NO
phase41_pubmedqa_colbertv2_decision_accuracy,,NO,4.1,pubmedqa,png,detailed_retriever_llm_20260927/phase41_pubmedqa_colbertv2_decision_accuracy.png,265793,61a0b023d0884faf1a534718fccd4b907c6a5038fe238529d7303648a2cd0a59,exports/final_figure_packs_freeze_20260927,FROZEN_EXISTING_FIGURE,NO
phase41_pubmedqa_contriever_decision_accuracy,,NO,4.1,pubmedqa,pdf,detailed_retriever_llm_20260927/phase41_pubmedqa_contriever_decision_accuracy.pdf,19635,e638544ecb42b6f7164a3edb97a82f2158bceb3a8861fa288344a81585208461,exports/final_figure_packs_freeze_20260927,FROZEN_EXISTING_FIGURE,NO
phase41_pubmedqa_contriever_decision_accuracy,,NO,4.1,pubmedqa,png,detailed_retriever_llm_20260927/phase41_pubmedqa_contriever_decision_accuracy.png,267520,7a60123c1f269e9401c864619085262b4ab11bb77df5f317e6a547db6e34cd1c,exports/final_figure_packs_freeze_20260927,FROZEN_EXISTING_FIGURE,NO
phase41_pubmedqa_dpr_decision_accuracy,,NO,4.1,pubmedqa,pdf,detailed_retriever_llm_20260927/phase41_pubmedqa_dpr_decision_accuracy.pdf,19595,75555c779fc2cf4b7ee3691e9f1380cacdfa16c4fec9b73f854e282f0d5b39e0,exports/final_figure_packs_freeze_20260927,FROZEN_EXISTING_FIGURE,NO
phase41_pubmedqa_dpr_decision_accuracy,,NO,4.1,pubmedqa,png,detailed_retriever_llm_20260927/phase41_pubmedqa_dpr_decision_accuracy.png,232040,05e2938c42ed6d2a27efb8c2901ed1e5884824ee3a1c4933e80b0228372234fb,exports/final_figure_packs_freeze_20260927,FROZEN_EXISTING_FIGURE,NO
phase42_faithfulness_asqa_bm25_mean_faithfulness,,NO,4.2,asqa,pdf,detailed_retriever_llm_20260927/phase42_faithfulness_asqa_bm25_mean_faithfulness.pdf,19266,e52b7895ac959d796568be71a1ae6e79553ccf6182e65a2a73b558964e32a899,exports/final_figure_packs_freeze_20260927,FROZEN_EXISTING_FIGURE,NO
phase42_faithfulness_asqa_bm25_mean_faithfulness,,NO,4.2,asqa,png,detailed_retriever_llm_20260927/phase42_faithfulness_asqa_bm25_mean_faithfulness.png,201098,36aba5992589ec9f2b992c29d806e86ada7b878b823d953900facd4583245e4e,exports/final_figure_packs_freeze_20260927,FROZEN_EXISTING_FIGURE,NO
phase42_faithfulness_asqa_contriever_mean_faithfulness,,NO,4.2,asqa,pdf,detailed_retriever_llm_20260927/phase42_faithfulness_asqa_contriever_mean_faithfulness.pdf,19596,2000203ef38853d3bddccbce89000600b6caa54881071143672039b8dadc2d7d,exports/final_figure_packs_freeze_20260927,FROZEN_EXISTING_FIGURE,NO
phase42_faithfulness_asqa_contriever_mean_faithfulness,,NO,4.2,asqa,png,detailed_retriever_llm_20260927/phase42_faithfulness_asqa_contriever_mean_faithfulness.png,199884,b495b228e5b86d7b9bc31ffcd79c3a0d97babd6895ff4957fe961446d757726e,exports/final_figure_packs_freeze_20260927,FROZEN_EXISTING_FIGURE,NO
phase42_faithfulness_asqa_dpr_mean_faithfulness,,NO,4.2,asqa,pdf,detailed_retriever_llm_20260927/phase42_faithfulness_asqa_dpr_mean_faithfulness.pdf,19266,cc44c22372aa02c661dc7153a91c9dad6df7f861a66d89001308472c633d6559,exports/final_figure_packs_freeze_20260927,FROZEN_EXISTING_FIGURE,NO
phase42_faithfulness_asqa_dpr_mean_faithfulness,,NO,4.2,asqa,png,detailed_retriever_llm_20260927/phase42_faithfulness_asqa_dpr_mean_faithfulness.png,198899,d6e0d296099657862e673016782d3aa1e10758cce4bedb5bbf38b6983d17699f,exports/final_figure_packs_freeze_20260927,FROZEN_EXISTING_FIGURE,NO
phase42_faithfulness_hotpotqa_bm25_mean_faithfulness,,NO,4.2,hotpotqa,pdf,detailed_retriever_llm_20260927/phase42_faithfulness_hotpotqa_bm25_mean_faithfulness.pdf,19370,a5cb56e9fd80b3dadf047a9c85461a05c9e41a3552c8bf4c3f534d75c356e5fd,exports/final_figure_packs_freeze_20260927,FROZEN_EXISTING_FIGURE,NO
phase42_faithfulness_hotpotqa_bm25_mean_faithfulness,,NO,4.2,hotpotqa,png,detailed_retriever_llm_20260927/phase42_faithfulness_hotpotqa_bm25_mean_faithfulness.png,211960,99d5e34d626537a6c68b7f659e5fb51fd4e3e6c9c1439c4ae2847aad565b4006,exports/final_figure_packs_freeze_20260927,FROZEN_EXISTING_FIGURE,NO
phase42_faithfulness_hotpotqa_colbertv2_mean_faithfulness,,NO,4.2,hotpotqa,pdf,detailed_retriever_llm_20260927/phase42_faithfulness_hotpotqa_colbertv2_mean_faithfulness.pdf,20068,367066e86777fd2a855c2c03256fd4a6f3c7aa58637c545a27bb89444d6f7d56,exports/final_figure_packs_freeze_20260927,FROZEN_EXISTING_FIGURE,NO
phase42_faithfulness_hotpotqa_colbertv2_mean_faithfulness,,NO,4.2,hotpotqa,png,detailed_retriever_llm_20260927/phase42_faithfulness_hotpotqa_colbertv2_mean_faithfulness.png,209681,b3c923e693a3e978d47826324cc0efe6d46173816681e7d07458f8638e30848d,exports/final_figure_packs_freeze_20260927,FROZEN_EXISTING_FIGURE,NO
phase42_faithfulness_hotpotqa_contriever_mean_faithfulness,,NO,4.2,hotpotqa,pdf,detailed_retriever_llm_20260927/phase42_faithfulness_hotpotqa_contriever_mean_faithfulness.pdf,19711,2ee0d1f245edc8eb278642fa6542182aa543303d28e3b1accb3f032ecdb967c4,exports/final_figure_packs_freeze_20260927,FROZEN_EXISTING_FIGURE,NO
phase42_faithfulness_hotpotqa_contriever_mean_faithfulness,,NO,4.2,hotpotqa,png,detailed_retriever_llm_20260927/phase42_faithfulness_hotpotqa_contriever_mean_faithfulness.png,220979,66523ad7e0a582ce4c05fa6e04cff604dc7b007351abbf1d192637ab344d1886,exports/final_figure_packs_freeze_20260927,FROZEN_EXISTING_FIGURE,NO
phase42_faithfulness_hotpotqa_dpr_mean_faithfulness,,NO,4.2,hotpotqa,pdf,detailed_retriever_llm_20260927/phase42_faithfulness_hotpotqa_dpr_mean_faithfulness.pdf,19373,a8b5ba726a5c9fabc9acf9b380fdb34abe495295fab086c133e1fb0c96f3a27d,exports/final_figure_packs_freeze_20260927,FROZEN_EXISTING_FIGURE,NO
phase42_faithfulness_hotpotqa_dpr_mean_faithfulness,,NO,4.2,hotpotqa,png,detailed_retriever_llm_20260927/phase42_faithfulness_hotpotqa_dpr_mean_faithfulness.png,209169,4a30aafe857c28db75c92de389c79f3507b45d22c4185411558e63d53ed501f4,exports/final_figure_packs_freeze_20260927,FROZEN_EXISTING_FIGURE,NO
phase42_faithfulness_pubmedqa_bm25_mean_faithfulness,,NO,4.2,pubmedqa,pdf,detailed_retriever_llm_20260927/phase42_faithfulness_pubmedqa_bm25_mean_faithfulness.pdf,19192,0270337566a0f5ab4d9dfb93fee54254da8301d2c00904fcb36b516238c97fb2,exports/final_figure_packs_freeze_20260927,FROZEN_EXISTING_FIGURE,NO
phase42_faithfulness_pubmedqa_bm25_mean_faithfulness,,NO,4.2,pubmedqa,png,detailed_retriever_llm_20260927/phase42_faithfulness_pubmedqa_bm25_mean_faithfulness.png,227408,aa1c382519c9db537f69bfd55f9380784fe96e6eb326ee83bb93b9aa771e7348,exports/final_figure_packs_freeze_20260927,FROZEN_EXISTING_FIGURE,NO
phase42_faithfulness_pubmedqa_colbertv2_mean_faithfulness,,NO,4.2,pubmedqa,pdf,detailed_retriever_llm_20260927/phase42_faithfulness_pubmedqa_colbertv2_mean_faithfulness.pdf,19912,a933f68f89f8e516d35c27326ef7817a4553c30a87164a04791ca7c7dbeb7c32,exports/final_figure_packs_freeze_20260927,FROZEN_EXISTING_FIGURE,NO
phase42_faithfulness_pubmedqa_colbertv2_mean_faithfulness,,NO,4.2,pubmedqa,png,detailed_retriever_llm_20260927/phase42_faithfulness_pubmedqa_colbertv2_mean_faithfulness.png,240457,752983bf35f465f2fd8f65a376228e04be3baf097925b96e4f7281451a8fc55b,exports/final_figure_packs_freeze_20260927,FROZEN_EXISTING_FIGURE,NO
phase42_faithfulness_pubmedqa_contriever_mean_faithfulness,,NO,4.2,pubmedqa,pdf,detailed_retriever_llm_20260927/phase42_faithfulness_pubmedqa_contriever_mean_faithfulness.pdf,19551,9cc8d8cdc953c0bf7c762814fd95cde6d90035ba59f725e9ac9c82db2f13705e,exports/final_figure_packs_freeze_20260927,FROZEN_EXISTING_FIGURE,NO
phase42_faithfulness_pubmedqa_contriever_mean_faithfulness,,NO,4.2,pubmedqa,png,detailed_retriever_llm_20260927/phase42_faithfulness_pubmedqa_contriever_mean_faithfulness.png,246645,989a514f09153a4be2d0d29b58e3662a41172aa738f6769eaff4f48a26e99b06,exports/final_figure_packs_freeze_20260927,FROZEN_EXISTING_FIGURE,NO
phase42_faithfulness_pubmedqa_dpr_mean_faithfulness,,NO,4.2,pubmedqa,pdf,detailed_retriever_llm_20260927/phase42_faithfulness_pubmedqa_dpr_mean_faithfulness.pdf,19186,e94d96245f70f35260102cb0dc6e090d325cffd957d6fe378d3f164588a820b7,exports/final_figure_packs_freeze_20260927,FROZEN_EXISTING_FIGURE,NO
phase42_faithfulness_pubmedqa_dpr_mean_faithfulness,,NO,4.2,pubmedqa,png,detailed_retriever_llm_20260927/phase42_faithfulness_pubmedqa_dpr_mean_faithfulness.png,213924,7c7c622824555e2c33a66645fc3b9ef4284bf756c3a3b9d7a9b5405fd676fdfb,exports/final_figure_packs_freeze_20260927,FROZEN_EXISTING_FIGURE,NO
phase42_hallucination_asqa_bm25_hallucination_rate,,NO,4.2,asqa,pdf,detailed_retriever_llm_20260927/phase42_hallucination_asqa_bm25_hallucination_rate.pdf,19253,fef64619f9dc5fe8463850a024a8d8e6a5673670d5103c41afa857790ac5de06,exports/final_figure_packs_freeze_20260927,FROZEN_EXISTING_FIGURE,NO
phase42_hallucination_asqa_bm25_hallucination_rate,,NO,4.2,asqa,png,detailed_retriever_llm_20260927/phase42_hallucination_asqa_bm25_hallucination_rate.png,211031,a3d87e52f693fc22a326d54efb743e5cbbdf683c0ac9a52cfd2259da3a09195f,exports/final_figure_packs_freeze_20260927,FROZEN_EXISTING_FIGURE,NO
phase42_hallucination_asqa_contriever_hallucination_rate,,NO,4.2,asqa,pdf,detailed_retriever_llm_20260927/phase42_hallucination_asqa_contriever_hallucination_rate.pdf,19604,d492042287bc7747c87965dde8fc0d516cd82e2d842e86486f68e52ba300d791,exports/final_figure_packs_freeze_20260927,FROZEN_EXISTING_FIGURE,NO
phase42_hallucination_asqa_contriever_hallucination_rate,,NO,4.2,asqa,png,detailed_retriever_llm_20260927/phase42_hallucination_asqa_contriever_hallucination_rate.png,206732,b002d0ef32d759acdf52800640d9cb51509d60edf8d504a17072167fcdd4bebb,exports/final_figure_packs_freeze_20260927,FROZEN_EXISTING_FIGURE,NO
phase42_hallucination_asqa_dpr_hallucination_rate,,NO,4.2,asqa,pdf,detailed_retriever_llm_20260927/phase42_hallucination_asqa_dpr_hallucination_rate.pdf,19276,4923284dc0a632492c9aeb8e9c3f8d4077954630460bccab4be2192022f86392,exports/final_figure_packs_freeze_20260927,FROZEN_EXISTING_FIGURE,NO
phase42_hallucination_asqa_dpr_hallucination_rate,,NO,4.2,asqa,png,detailed_retriever_llm_20260927/phase42_hallucination_asqa_dpr_hallucination_rate.png,216569,63aee32e94d274d402573040d71ec7bf8c9a19afc5b443b2bdcf695e37684d5e,exports/final_figure_packs_freeze_20260927,FROZEN_EXISTING_FIGURE,NO
phase42_hallucination_hotpotqa_bm25_hallucination_rate,,NO,4.2,hotpotqa,pdf,detailed_retriever_llm_20260927/phase42_hallucination_hotpotqa_bm25_hallucination_rate.pdf,19177,a82ed9a8e49f789d39c0ee7993a982bd2091f1d4717f03e761a9a17a5773fd30,exports/final_figure_packs_freeze_20260927,FROZEN_EXISTING_FIGURE,NO
phase42_hallucination_hotpotqa_bm25_hallucination_rate,,NO,4.2,hotpotqa,png,detailed_retriever_llm_20260927/phase42_hallucination_hotpotqa_bm25_hallucination_rate.png,211158,5012c2cb23bd6a0432dabd34cca23b553a0507c96ab30e2f668cf841235fc0d8,exports/final_figure_packs_freeze_20260927,FROZEN_EXISTING_FIGURE,NO
phase42_hallucination_hotpotqa_colbertv2_hallucination_rate,,NO,4.2,hotpotqa,pdf,detailed_retriever_llm_20260927/phase42_hallucination_hotpotqa_colbertv2_hallucination_rate.pdf,19891,beaccc414623c4be22eab4488eabb26edf7f0d923bef22594b730df70b1098d4,exports/final_figure_packs_freeze_20260927,FROZEN_EXISTING_FIGURE,NO
phase42_hallucination_hotpotqa_colbertv2_hallucination_rate,,NO,4.2,hotpotqa,png,detailed_retriever_llm_20260927/phase42_hallucination_hotpotqa_colbertv2_hallucination_rate.png,208095,1a99f48c674c15656dee3975298cfc4b8f5853a3695a8462d6c421d4b9024c4e,exports/final_figure_packs_freeze_20260927,FROZEN_EXISTING_FIGURE,NO
phase42_hallucination_hotpotqa_contriever_hallucination_rate,,NO,4.2,hotpotqa,pdf,detailed_retriever_llm_20260927/phase42_hallucination_hotpotqa_contriever_hallucination_rate.pdf,19518,98c242e508c759c700849139855e0a1dd5f1143f0b71fd8690da711b2e0aad10,exports/final_figure_packs_freeze_20260927,FROZEN_EXISTING_FIGURE,NO
phase42_hallucination_hotpotqa_contriever_hallucination_rate,,NO,4.2,hotpotqa,png,detailed_retriever_llm_20260927/phase42_hallucination_hotpotqa_contriever_hallucination_rate.png,219640,0832ab005693ad1aa102b75f8cdfe9914dd407170f94b182346837ad04710994,exports/final_figure_packs_freeze_20260927,FROZEN_EXISTING_FIGURE,NO
phase42_hallucination_hotpotqa_dpr_hallucination_rate,,NO,4.2,hotpotqa,pdf,detailed_retriever_llm_20260927/phase42_hallucination_hotpotqa_dpr_hallucination_rate.pdf,19178,9a1e9db8edd4c66b826f6cdd8b9a4896bacf19c23590e33982c7f0dbcff04e52,exports/final_figure_packs_freeze_20260927,FROZEN_EXISTING_FIGURE,NO
phase42_hallucination_hotpotqa_dpr_hallucination_rate,,NO,4.2,hotpotqa,png,detailed_retriever_llm_20260927/phase42_hallucination_hotpotqa_dpr_hallucination_rate.png,207377,9c5c563f1b4f80b6460facc308a53dd65a684e6efc35c1599791db1ff54ba23b,exports/final_figure_packs_freeze_20260927,FROZEN_EXISTING_FIGURE,NO
phase42_hallucination_pubmedqa_bm25_hallucination_rate,,NO,4.2,pubmedqa,pdf,detailed_retriever_llm_20260927/phase42_hallucination_pubmedqa_bm25_hallucination_rate.pdf,19177,7404b1ebd793f2396853cdac0a8dde4d8d404df87b8902c5642fc92f71c16f6a,exports/final_figure_packs_freeze_20260927,FROZEN_EXISTING_FIGURE,NO
phase42_hallucination_pubmedqa_bm25_hallucination_rate,,NO,4.2,pubmedqa,png,detailed_retriever_llm_20260927/phase42_hallucination_pubmedqa_bm25_hallucination_rate.png,233355,7d63c63949d78ae47b8c002356a394d64704b72f26879e77bd67f0563051df12,exports/final_figure_packs_freeze_20260927,FROZEN_EXISTING_FIGURE,NO
phase42_hallucination_pubmedqa_colbertv2_hallucination_rate,,NO,4.2,pubmedqa,pdf,detailed_retriever_llm_20260927/phase42_hallucination_pubmedqa_colbertv2_hallucination_rate.pdf,19906,46ec0201160236e391dfffdc3ddfa62dc5a9b6bbbeb27ffe474edb658336085a,exports/final_figure_packs_freeze_20260927,FROZEN_EXISTING_FIGURE,NO
phase42_hallucination_pubmedqa_colbertv2_hallucination_rate,,NO,4.2,pubmedqa,png,detailed_retriever_llm_20260927/phase42_hallucination_pubmedqa_colbertv2_hallucination_rate.png,246605,4908f0c00b51f6e1cb788031430723694853b1633e2c8c1d2fa9e345c51f16fd,exports/final_figure_packs_freeze_20260927,FROZEN_EXISTING_FIGURE,NO
phase42_hallucination_pubmedqa_contriever_hallucination_rate,,NO,4.2,pubmedqa,pdf,detailed_retriever_llm_20260927/phase42_hallucination_pubmedqa_contriever_hallucination_rate.pdf,19540,07a81b2d384e9df1d4daa4afbc364caf6c3cf00635d861b2b2035e67c855e1c2,exports/final_figure_packs_freeze_20260927,FROZEN_EXISTING_FIGURE,NO
phase42_hallucination_pubmedqa_contriever_hallucination_rate,,NO,4.2,pubmedqa,png,detailed_retriever_llm_20260927/phase42_hallucination_pubmedqa_contriever_hallucination_rate.png,252664,ab4536a2e3de9548fcb1c7f7aaf26c973fc1934b733508f62ee3175d71927f8f,exports/final_figure_packs_freeze_20260927,FROZEN_EXISTING_FIGURE,NO
phase42_hallucination_pubmedqa_dpr_hallucination_rate,,NO,4.2,pubmedqa,pdf,detailed_retriever_llm_20260927/phase42_hallucination_pubmedqa_dpr_hallucination_rate.pdf,19159,1cc5086ea70e7515cda221af7f8047135aba9b4d1dbac60056c3a628c556267f,exports/final_figure_packs_freeze_20260927,FROZEN_EXISTING_FIGURE,NO
phase42_hallucination_pubmedqa_dpr_hallucination_rate,,NO,4.2,pubmedqa,png,detailed_retriever_llm_20260927/phase42_hallucination_pubmedqa_dpr_hallucination_rate.png,212780,23c2da5004096e08f51ae5a03a702aaa653230bb51d52aad09c6297d65a0a744,exports/final_figure_packs_freeze_20260927,FROZEN_EXISTING_FIGURE,NO
phase45_asqa_bm25_mean_output_diversity,,NO,4.5,asqa,pdf,detailed_retriever_llm_20260927/phase45_asqa_bm25_mean_output_diversity.pdf,20557,f24c3690e3af77f6adab206ad657692e153790debcf3fdacbc39e01d5aa1a111,exports/final_figure_packs_freeze_20260927,FROZEN_EXISTING_FIGURE,NO
phase45_asqa_bm25_mean_output_diversity,,NO,4.5,asqa,png,detailed_retriever_llm_20260927/phase45_asqa_bm25_mean_output_diversity.png,307107,d9b2070080fb67cf031a07c0f900d0df2a2c6546a99ba18218db9dbc5f0d9924,exports/final_figure_packs_freeze_20260927,FROZEN_EXISTING_FIGURE,NO
phase45_asqa_contriever_mean_output_diversity,,NO,4.5,asqa,pdf,detailed_retriever_llm_20260927/phase45_asqa_contriever_mean_output_diversity.pdf,20894,c2592cff8570442954943e009d4d93f26a9125fb1338e74f91663b5d25617a6f,exports/final_figure_packs_freeze_20260927,FROZEN_EXISTING_FIGURE,NO
phase45_asqa_contriever_mean_output_diversity,,NO,4.5,asqa,png,detailed_retriever_llm_20260927/phase45_asqa_contriever_mean_output_diversity.png,299818,1061ebb70e4666c28a49ad75cd20816b984c176f13671d18cbb8d2e5ebeeeb90,exports/final_figure_packs_freeze_20260927,FROZEN_EXISTING_FIGURE,NO
phase45_asqa_dpr_mean_output_diversity,,NO,4.5,asqa,pdf,detailed_retriever_llm_20260927/phase45_asqa_dpr_mean_output_diversity.pdf,20496,939660cc04bd2aa4ebeb26c276e55c687e172cf27b41a8369616f2487fcfa220,exports/final_figure_packs_freeze_20260927,FROZEN_EXISTING_FIGURE,NO
phase45_asqa_dpr_mean_output_diversity,,NO,4.5,asqa,png,detailed_retriever_llm_20260927/phase45_asqa_dpr_mean_output_diversity.png,327842,841988d00c0640e60ae445a87e40f6071b76641e1ef4f5eedbac5cda96cf10da,exports/final_figure_packs_freeze_20260927,FROZEN_EXISTING_FIGURE,NO
phase51_asqa_bm25_delta_correctness,,NO,5.1,asqa,pdf,paired_effects_detailed_20260927/phase51_asqa_bm25_delta_correctness.pdf,18986,51b77ff6d6c08f1df6368f953a397c3b11501625f8a92f5a0ceeeec5ccc0094e,exports/final_figure_packs_freeze_20260927,FROZEN_EXISTING_FIGURE,NO
phase51_asqa_bm25_delta_correctness,,NO,5.1,asqa,png,paired_effects_detailed_20260927/phase51_asqa_bm25_delta_correctness.png,306166,58dba18c8b6faf7112a85958df03a749e1f47a27cdd0d06b914e2587b46284ef,exports/final_figure_packs_freeze_20260927,FROZEN_EXISTING_FIGURE,NO
phase51_asqa_bm25_delta_retrieval_diversity,,NO,5.1,asqa,pdf,paired_effects_detailed_20260927/phase51_asqa_bm25_delta_retrieval_diversity.pdf,19189,fed22e6d007458d7eda19183b61ca70ad61c953c1b37a8db3118094364a02755,exports/final_figure_packs_freeze_20260927,FROZEN_EXISTING_FIGURE,NO
phase51_asqa_bm25_delta_retrieval_diversity,,NO,5.1,asqa,png,paired_effects_detailed_20260927/phase51_asqa_bm25_delta_retrieval_diversity.png,266949,fe25f7c25ea4d5a5a96641e9d7696fc18e2b1d1805162acf55e3338a134cb8d9,exports/final_figure_packs_freeze_20260927,FROZEN_EXISTING_FIGURE,NO
phase51_asqa_contriever_delta_correctness,,NO,5.1,asqa,pdf,paired_effects_detailed_20260927/phase51_asqa_contriever_delta_correctness.pdf,19068,b914dd4230826c5094c6786363e690a10e963e3ac58b618e2e5db54b14d10a48,exports/final_figure_packs_freeze_20260927,FROZEN_EXISTING_FIGURE,NO
phase51_asqa_contriever_delta_correctness,,NO,5.1,asqa,png,paired_effects_detailed_20260927/phase51_asqa_contriever_delta_correctness.png,304254,e0f5fc0db1ff5a43250e77950ef6a43f53b6d93b8c020e911fc41ac7d077f8e9,exports/final_figure_packs_freeze_20260927,FROZEN_EXISTING_FIGURE,NO
phase51_asqa_contriever_delta_retrieval_diversity,,NO,5.1,asqa,pdf,paired_effects_detailed_20260927/phase51_asqa_contriever_delta_retrieval_diversity.pdf,19687,4bcf457f4e8ab7ac8664e3403bc5fae7f487568622cd51bc020060160ac6b1dc,exports/final_figure_packs_freeze_20260927,FROZEN_EXISTING_FIGURE,NO
phase51_asqa_contriever_delta_retrieval_diversity,,NO,5.1,asqa,png,paired_effects_detailed_20260927/phase51_asqa_contriever_delta_retrieval_diversity.png,261205,cc9d977492876a19d2451494f4d7ce53dba51b2b843fe200f13c42675a627987,exports/final_figure_packs_freeze_20260927,FROZEN_EXISTING_FIGURE,NO
phase51_asqa_dpr_delta_correctness,,NO,5.1,asqa,pdf,paired_effects_detailed_20260927/phase51_asqa_dpr_delta_correctness.pdf,19454,299bbd47fb8927c721085cef7dd96c837b650ee41fa78b13abb7182e25d1292f,exports/final_figure_packs_freeze_20260927,FROZEN_EXISTING_FIGURE,NO
phase51_asqa_dpr_delta_correctness,,NO,5.1,asqa,png,paired_effects_detailed_20260927/phase51_asqa_dpr_delta_correctness.png,302268,1b256f0965450cf8ff02bad50e8eecde8d0d1fd25e26e02657f6319576dd075b,exports/final_figure_packs_freeze_20260927,FROZEN_EXISTING_FIGURE,NO
phase51_asqa_dpr_delta_retrieval_diversity,,NO,5.1,asqa,pdf,paired_effects_detailed_20260927/phase51_asqa_dpr_delta_retrieval_diversity.pdf,19207,50a03e1f54a9ed5c2f13f718f8d09b1c90915de63d751f0cf82473c62ea8324c,exports/final_figure_packs_freeze_20260927,FROZEN_EXISTING_FIGURE,NO
phase51_asqa_dpr_delta_retrieval_diversity,,NO,5.1,asqa,png,paired_effects_detailed_20260927/phase51_asqa_dpr_delta_retrieval_diversity.png,266079,9b3c7c55ac0ca9e53c5ddb5d24dc681e265253635ab4069c60a1b9bd713e528d,exports/final_figure_packs_freeze_20260927,FROZEN_EXISTING_FIGURE,NO
phase51_cross_dataset_delta_correctness,F17,YES,5.1,cross_dataset,pdf,paired_effects_detailed_20260927/phase51_cross_dataset_delta_correctness.pdf,19044,af8eda720ff7f033338c1ddad87c5b28743fb2965ebf4a12d8d3903eb1e70c2e,exports/final_figure_packs_freeze_20260927,FROZEN_EXISTING_FIGURE,NO
phase51_cross_dataset_delta_correctness,F17,YES,5.1,cross_dataset,png,paired_effects_detailed_20260927/phase51_cross_dataset_delta_correctness.png,278132,d4855cff0d4ded3e5e5a64c57e5b10e650dde790b8c97975eea9b2407c966844,exports/final_figure_packs_freeze_20260927,FROZEN_EXISTING_FIGURE,NO
phase51_hotpotqa_bm25_delta_correctness,,NO,5.1,hotpotqa,pdf,paired_effects_detailed_20260927/phase51_hotpotqa_bm25_delta_correctness.pdf,19548,3a824a03c3fed1816878dedf0c40e985f36840a58a9e9a8071fd8d8bcc1e9eaf,exports/final_figure_packs_freeze_20260927,FROZEN_EXISTING_FIGURE,NO
phase51_hotpotqa_bm25_delta_correctness,,NO,5.1,hotpotqa,png,paired_effects_detailed_20260927/phase51_hotpotqa_bm25_delta_correctness.png,272301,c71c4dba546bf0c42293ff561545cae83dd91c4d1036322d01e9d890b1cdb5a7,exports/final_figure_packs_freeze_20260927,FROZEN_EXISTING_FIGURE,NO
phase51_hotpotqa_bm25_delta_retrieval_diversity,,NO,5.1,hotpotqa,pdf,paired_effects_detailed_20260927/phase51_hotpotqa_bm25_delta_retrieval_diversity.pdf,19757,538c3e730603e0a7a7c8aa9199c76ecc20d16222217d5ef96a95fdfcf89a4cb7,exports/final_figure_packs_freeze_20260927,FROZEN_EXISTING_FIGURE,NO
phase51_hotpotqa_bm25_delta_retrieval_diversity,,NO,5.1,hotpotqa,png,paired_effects_detailed_20260927/phase51_hotpotqa_bm25_delta_retrieval_diversity.png,269566,eed1fc49eb2530c02571d71f1e49b9b9cadf05a67bf3ddc96253630f88460a69,exports/final_figure_packs_freeze_20260927,FROZEN_EXISTING_FIGURE,NO
phase51_hotpotqa_colbertv2_delta_correctness,,NO,5.1,hotpotqa,pdf,paired_effects_detailed_20260927/phase51_hotpotqa_colbertv2_delta_correctness.pdf,19941,700afc836746bc79b5389ed0cd86736ee27aec2a2b027a01b1f0fb063e73f19c,exports/final_figure_packs_freeze_20260927,FROZEN_EXISTING_FIGURE,NO
phase51_hotpotqa_colbertv2_delta_correctness,,NO,5.1,hotpotqa,png,paired_effects_detailed_20260927/phase51_hotpotqa_colbertv2_delta_correctness.png,271401,8e5bcd41f250f3a4f027790f8ffdcddeac1b0ae01dfba675cd78e77a6d3243d5,exports/final_figure_packs_freeze_20260927,FROZEN_EXISTING_FIGURE,NO
phase51_hotpotqa_colbertv2_delta_retrieval_diversity,,NO,5.1,hotpotqa,pdf,paired_effects_detailed_20260927/phase51_hotpotqa_colbertv2_delta_retrieval_diversity.pdf,20142,8d187898d5d00d49da3fb7b241c7878d3d1ca1efc063a5eb6983e8251128afd7,exports/final_figure_packs_freeze_20260927,FROZEN_EXISTING_FIGURE,NO
phase51_hotpotqa_colbertv2_delta_retrieval_diversity,,NO,5.1,hotpotqa,png,paired_effects_detailed_20260927/phase51_hotpotqa_colbertv2_delta_retrieval_diversity.png,265685,470d4e011c27dcf7c516fded29a1c43bd4c76dfcca97e00177bc88da6a7e5fda,exports/final_figure_packs_freeze_20260927,FROZEN_EXISTING_FIGURE,NO
phase51_hotpotqa_contriever_delta_correctness,,NO,5.1,hotpotqa,pdf,paired_effects_detailed_20260927/phase51_hotpotqa_contriever_delta_correctness.pdf,19658,b7c83378331f215ddae0cd2afe8e0f3bb52dec7580965c04070cca83953746e2,exports/final_figure_packs_freeze_20260927,FROZEN_EXISTING_FIGURE,NO
phase51_hotpotqa_contriever_delta_correctness,,NO,5.1,hotpotqa,png,paired_effects_detailed_20260927/phase51_hotpotqa_contriever_delta_correctness.png,287183,eb61821252a1cfbc0352f4759c9bef58e0acdebe7363820a6ddb69986165139b,exports/final_figure_packs_freeze_20260927,FROZEN_EXISTING_FIGURE,NO
phase51_hotpotqa_contriever_delta_retrieval_diversity,,NO,5.1,hotpotqa,pdf,paired_effects_detailed_20260927/phase51_hotpotqa_contriever_delta_retrieval_diversity.pdf,19814,bbe54d42d545acbba5ed2dfb3f7ad4cf67ac1df411b2901e7107d8815a5b51a0,exports/final_figure_packs_freeze_20260927,FROZEN_EXISTING_FIGURE,NO
phase51_hotpotqa_contriever_delta_retrieval_diversity,,NO,5.1,hotpotqa,png,paired_effects_detailed_20260927/phase51_hotpotqa_contriever_delta_retrieval_diversity.png,273115,de3b178ed70c5a92e93d4cd2b10d2d5f28da69519714f1b3df74d40d683fa700,exports/final_figure_packs_freeze_20260927,FROZEN_EXISTING_FIGURE,NO
phase51_hotpotqa_dpr_delta_correctness,,NO,5.1,hotpotqa,pdf,paired_effects_detailed_20260927/phase51_hotpotqa_dpr_delta_correctness.pdf,19109,e7c7bff78db6e4bf8587dc9e6d7f915cca6ba7295e66a52518cbd50b71bdae8f,exports/final_figure_packs_freeze_20260927,FROZEN_EXISTING_FIGURE,NO
phase51_hotpotqa_dpr_delta_correctness,,NO,5.1,hotpotqa,png,paired_effects_detailed_20260927/phase51_hotpotqa_dpr_delta_correctness.png,274675,f016e80830e73180977f87e51093f9abeca8e34bc48564daf24a67539c9366d3,exports/final_figure_packs_freeze_20260927,FROZEN_EXISTING_FIGURE,NO
phase51_hotpotqa_dpr_delta_retrieval_diversity,,NO,5.1,hotpotqa,pdf,paired_effects_detailed_20260927/phase51_hotpotqa_dpr_delta_retrieval_diversity.pdf,19732,e5d7fc473f679a7d513f14b9182efc795b90bc87f2deec6779eabf78adce5bbb,exports/final_figure_packs_freeze_20260927,FROZEN_EXISTING_FIGURE,NO
phase51_hotpotqa_dpr_delta_retrieval_diversity,,NO,5.1,hotpotqa,png,paired_effects_detailed_20260927/phase51_hotpotqa_dpr_delta_retrieval_diversity.png,258608,c7bf65d66250b3d216abe0730833f3f19ebf141922c5a03cde7d532bd416de19,exports/final_figure_packs_freeze_20260927,FROZEN_EXISTING_FIGURE,NO
phase51_pubmedqa_bm25_delta_correctness,,NO,5.1,pubmedqa,pdf,paired_effects_detailed_20260927/phase51_pubmedqa_bm25_delta_correctness.pdf,19141,dea633683d0fdbe63c7681cd51af67b2b9469d8d0fd830379abe8415525c5ea3,exports/final_figure_packs_freeze_20260927,FROZEN_EXISTING_FIGURE,NO
phase51_pubmedqa_bm25_delta_correctness,,NO,5.1,pubmedqa,png,paired_effects_detailed_20260927/phase51_pubmedqa_bm25_delta_correctness.png,288478,f6dd5e602a402f5fc1c24cc3987b02ac8f712bc5be9fefc5bd90b011e7931bb6,exports/final_figure_packs_freeze_20260927,FROZEN_EXISTING_FIGURE,NO
phase51_pubmedqa_bm25_delta_retrieval_diversity,,NO,5.1,pubmedqa,pdf,paired_effects_detailed_20260927/phase51_pubmedqa_bm25_delta_retrieval_diversity.pdf,19877,561cd0eee8d9be75bcc22783bbce8934b1c073c8614a1d44c92e89df0a9b4855,exports/final_figure_packs_freeze_20260927,FROZEN_EXISTING_FIGURE,NO
phase51_pubmedqa_bm25_delta_retrieval_diversity,,NO,5.1,pubmedqa,png,paired_effects_detailed_20260927/phase51_pubmedqa_bm25_delta_retrieval_diversity.png,269452,518528f45807f98dd2b9f5f48144934856a8e301330838bd9866e07913217240,exports/final_figure_packs_freeze_20260927,FROZEN_EXISTING_FIGURE,NO
phase51_pubmedqa_colbertv2_delta_correctness,,NO,5.1,pubmedqa,pdf,paired_effects_detailed_20260927/phase51_pubmedqa_colbertv2_delta_correctness.pdf,19590,8b852655a609ec3eeb507be2c7e43852ad3a3d423aa6cb12c737c6303ac9634b,exports/final_figure_packs_freeze_20260927,FROZEN_EXISTING_FIGURE,NO
phase51_pubmedqa_colbertv2_delta_correctness,,NO,5.1,pubmedqa,png,paired_effects_detailed_20260927/phase51_pubmedqa_colbertv2_delta_correctness.png,298317,e815e1272e7675645f20a63e91dc656ff6c34abfe8d108226d44f3b0f86356a6,exports/final_figure_packs_freeze_20260927,FROZEN_EXISTING_FIGURE,NO
phase51_pubmedqa_colbertv2_delta_retrieval_diversity,,NO,5.1,pubmedqa,pdf,paired_effects_detailed_20260927/phase51_pubmedqa_colbertv2_delta_retrieval_diversity.pdf,19658,5ccd16cd67f653909c0b8346f2c620f32277f86d2adeeb665f66c83aeb62be74,exports/final_figure_packs_freeze_20260927,FROZEN_EXISTING_FIGURE,NO
phase51_pubmedqa_colbertv2_delta_retrieval_diversity,,NO,5.1,pubmedqa,png,paired_effects_detailed_20260927/phase51_pubmedqa_colbertv2_delta_retrieval_diversity.png,265499,7bd8addcbddca2687a7b770bd2cd8ead0ff931854992306c1972c07c9fbdd7a2,exports/final_figure_packs_freeze_20260927,FROZEN_EXISTING_FIGURE,NO
phase51_pubmedqa_contriever_delta_correctness,,NO,5.1,pubmedqa,pdf,paired_effects_detailed_20260927/phase51_pubmedqa_contriever_delta_correctness.pdf,19183,dc0fa2c2cb103404d205973e9acfe0795ec69e7b11ba82c5882e15c33dead79c,exports/final_figure_packs_freeze_20260927,FROZEN_EXISTING_FIGURE,NO
phase51_pubmedqa_contriever_delta_correctness,,NO,5.1,pubmedqa,png,paired_effects_detailed_20260927/phase51_pubmedqa_contriever_delta_correctness.png,306829,113f88fe5ebeaba68f1beba0f59c9115a1749e34bc22ee3dff7b6215f070228c,exports/final_figure_packs_freeze_20260927,FROZEN_EXISTING_FIGURE,NO
phase51_pubmedqa_contriever_delta_retrieval_diversity,,NO,5.1,pubmedqa,pdf,paired_effects_detailed_20260927/phase51_pubmedqa_contriever_delta_retrieval_diversity.pdf,19836,b0b616ce341c732c06c8cfed9dca43213c88d9bdf1e27ab27c5dae2b22a58550,exports/final_figure_packs_freeze_20260927,FROZEN_EXISTING_FIGURE,NO
phase51_pubmedqa_contriever_delta_retrieval_diversity,,NO,5.1,pubmedqa,png,paired_effects_detailed_20260927/phase51_pubmedqa_contriever_delta_retrieval_diversity.png,264871,c91435e2e3accbf39d45b876b31d9b5948390628d237b550837233b4a8e2a43e,exports/final_figure_packs_freeze_20260927,FROZEN_EXISTING_FIGURE,NO
phase51_pubmedqa_dpr_delta_correctness,,NO,5.1,pubmedqa,pdf,paired_effects_detailed_20260927/phase51_pubmedqa_dpr_delta_correctness.pdf,19663,9c77bb7cb54d9c79c43611686a4b11b62e45ab34f6b90a33e5a67bdb67994954,exports/final_figure_packs_freeze_20260927,FROZEN_EXISTING_FIGURE,NO
phase51_pubmedqa_dpr_delta_correctness,,NO,5.1,pubmedqa,png,paired_effects_detailed_20260927/phase51_pubmedqa_dpr_delta_correctness.png,294751,09cedb323ed62fe985b180c89f06321447d580a1f9fb77c848af500107e1cc21,exports/final_figure_packs_freeze_20260927,FROZEN_EXISTING_FIGURE,NO
phase51_pubmedqa_dpr_delta_retrieval_diversity,,NO,5.1,pubmedqa,pdf,paired_effects_detailed_20260927/phase51_pubmedqa_dpr_delta_retrieval_diversity.pdf,19757,f858fee65a8020f79cb881f672ba0337b14d8e0ecb02b4f92db17ad7d00ba40e,exports/final_figure_packs_freeze_20260927,FROZEN_EXISTING_FIGURE,NO
phase51_pubmedqa_dpr_delta_retrieval_diversity,,NO,5.1,pubmedqa,png,paired_effects_detailed_20260927/phase51_pubmedqa_dpr_delta_retrieval_diversity.png,265387,a8234e426329f7728fd8b25d889dba8faff7fd83776681623cf56fe89aeeb0d1,exports/final_figure_packs_freeze_20260927,FROZEN_EXISTING_FIGURE,NO
phase52_asqa_bm25_delta_faithfulness,,NO,5.2,asqa,pdf,paired_effects_detailed_20260927/phase52_asqa_bm25_delta_faithfulness.pdf,19394,f650e13a51e12e1423b79d151f191770bd82e0556ca1c8e1bfb2e9d174a38976,exports/final_figure_packs_freeze_20260927,FROZEN_EXISTING_FIGURE,NO
phase52_asqa_bm25_delta_faithfulness,,NO,5.2,asqa,png,paired_effects_detailed_20260927/phase52_asqa_bm25_delta_faithfulness.png,343036,52555ae1fffc60f3591019a016ab7758120a7dbd19abbd2b6d4337532a8d77f6,exports/final_figure_packs_freeze_20260927,FROZEN_EXISTING_FIGURE,NO
phase52_asqa_bm25_delta_hallucination,,NO,5.2,asqa,pdf,paired_effects_detailed_20260927/phase52_asqa_bm25_delta_hallucination.pdf,19396,ca4eb30755e16d1524fe68368226ad9b25e0a2965318e85d7ec70af4065f37c1,exports/final_figure_packs_freeze_20260927,FROZEN_EXISTING_FIGURE,NO
phase52_asqa_bm25_delta_hallucination,,NO,5.2,asqa,png,paired_effects_detailed_20260927/phase52_asqa_bm25_delta_hallucination.png,316312,9a0213f55b82ab9fa53c9f74a3ed5dec8d8dcaeead055357b98cc70fd18d1198,exports/final_figure_packs_freeze_20260927,FROZEN_EXISTING_FIGURE,NO
phase52_asqa_contriever_delta_faithfulness,,NO,5.2,asqa,pdf,paired_effects_detailed_20260927/phase52_asqa_contriever_delta_faithfulness.pdf,19512,8b570eb7bdd501389532ad2a87cd8c3cc342ab8590e83174c30d69fb5e274696,exports/final_figure_packs_freeze_20260927,FROZEN_EXISTING_FIGURE,NO
phase52_asqa_contriever_delta_faithfulness,,NO,5.2,asqa,png,paired_effects_detailed_20260927/phase52_asqa_contriever_delta_faithfulness.png,330865,835b8e4612c3724dfc523cc461422065bac748a0a9fb5a188a2486d75943727d,exports/final_figure_packs_freeze_20260927,FROZEN_EXISTING_FIGURE,NO
phase52_asqa_contriever_delta_hallucination,,NO,5.2,asqa,pdf,paired_effects_detailed_20260927/phase52_asqa_contriever_delta_hallucination.pdf,19437,d31eef1c670dfab1f16f6b56944c2e09dacbcede34c4cca2240a6811a78472cf,exports/final_figure_packs_freeze_20260927,FROZEN_EXISTING_FIGURE,NO
phase52_asqa_contriever_delta_hallucination,,NO,5.2,asqa,png,paired_effects_detailed_20260927/phase52_asqa_contriever_delta_hallucination.png,323787,ea06531a75702513fb000f3c6a3e70b206fc68d5d65808bfbacb4aa6e929b9a5,exports/final_figure_packs_freeze_20260927,FROZEN_EXISTING_FIGURE,NO
phase52_asqa_dpr_delta_faithfulness,,NO,5.2,asqa,pdf,paired_effects_detailed_20260927/phase52_asqa_dpr_delta_faithfulness.pdf,19499,0df7fabb1c6fc9f78121b0c41faa4c4f7dcba2dd128675f68a3bbafdb9ee5647,exports/final_figure_packs_freeze_20260927,FROZEN_EXISTING_FIGURE,NO
phase52_asqa_dpr_delta_faithfulness,,NO,5.2,asqa,png,paired_effects_detailed_20260927/phase52_asqa_dpr_delta_faithfulness.png,311051,bed0bd151012a5f0178c74a791ffb9abb56509876b725ebbee0852907cec0b40,exports/final_figure_packs_freeze_20260927,FROZEN_EXISTING_FIGURE,NO
phase52_asqa_dpr_delta_hallucination,,NO,5.2,asqa,pdf,paired_effects_detailed_20260927/phase52_asqa_dpr_delta_hallucination.pdf,19418,37f06786fc7d2cd1d1bd6ee92d6321a96ce101471f4050c508efc0223443910f,exports/final_figure_packs_freeze_20260927,FROZEN_EXISTING_FIGURE,NO
phase52_asqa_dpr_delta_hallucination,,NO,5.2,asqa,png,paired_effects_detailed_20260927/phase52_asqa_dpr_delta_hallucination.png,349031,d9eecca77143a300c31378ed2313bc643e7478d13f412b7fb8235c27179fbc75,exports/final_figure_packs_freeze_20260927,FROZEN_EXISTING_FIGURE,NO
phase52_cross_dataset_delta_faithfulness,F18,YES,5.2,cross_dataset,pdf,paired_effects_detailed_20260927/phase52_cross_dataset_delta_faithfulness.pdf,18944,6041b2e0e1116b4dc8a0b71de6d7d99047aa81c592854b028855c0efd1fcad07,exports/final_figure_packs_freeze_20260927,FROZEN_EXISTING_FIGURE,NO
phase52_cross_dataset_delta_faithfulness,F18,YES,5.2,cross_dataset,png,paired_effects_detailed_20260927/phase52_cross_dataset_delta_faithfulness.png,267321,2467820c2013b75b8f50f5f718d66d7761ee778deeda0d6f8254dd9f519849c8,exports/final_figure_packs_freeze_20260927,FROZEN_EXISTING_FIGURE,NO
phase52_cross_dataset_delta_hallucination,F19,YES,5.2,cross_dataset,pdf,paired_effects_detailed_20260927/phase52_cross_dataset_delta_hallucination.pdf,18568,b26bf8cfb8a0dc0226277e48a2d98c386a512a29f68caad9fc4dd5c6f0f148c8,exports/final_figure_packs_freeze_20260927,FROZEN_EXISTING_FIGURE,NO
phase52_cross_dataset_delta_hallucination,F19,YES,5.2,cross_dataset,png,paired_effects_detailed_20260927/phase52_cross_dataset_delta_hallucination.png,289867,bb1372c656fbb00110574c857de336b203a2d79bc52e4afa0ab4ac9f970fceeb,exports/final_figure_packs_freeze_20260927,FROZEN_EXISTING_FIGURE,NO
phase52_hotpotqa_bm25_delta_faithfulness,,NO,5.2,hotpotqa,pdf,paired_effects_detailed_20260927/phase52_hotpotqa_bm25_delta_faithfulness.pdf,19290,0536dc26e6ae191444ee0fe5136e6ed5fe64b1318b13198487fadf3b14801006,exports/final_figure_packs_freeze_20260927,FROZEN_EXISTING_FIGURE,NO
phase52_hotpotqa_bm25_delta_faithfulness,,NO,5.2,hotpotqa,png,paired_effects_detailed_20260927/phase52_hotpotqa_bm25_delta_faithfulness.png,269352,68581bb2541529f7ec6fb1306a5899ea4443d7a131678bdd27844b1eec6087e3,exports/final_figure_packs_freeze_20260927,FROZEN_EXISTING_FIGURE,NO
phase52_hotpotqa_bm25_delta_hallucination,,NO,5.2,hotpotqa,pdf,paired_effects_detailed_20260927/phase52_hotpotqa_bm25_delta_hallucination.pdf,19096,e1f19aca4a62f479a48b222b37c9c6d8ebbe900910d9f9807a0ca2ed2aca6a7a,exports/final_figure_packs_freeze_20260927,FROZEN_EXISTING_FIGURE,NO
phase52_hotpotqa_bm25_delta_hallucination,,NO,5.2,hotpotqa,png,paired_effects_detailed_20260927/phase52_hotpotqa_bm25_delta_hallucination.png,268500,35d4b93e8c295f0b67aa2a4ed3ab6e83c6dfabd7d313cbc766ec503bd167a1cd,exports/final_figure_packs_freeze_20260927,FROZEN_EXISTING_FIGURE,NO
phase52_hotpotqa_colbertv2_delta_faithfulness,,NO,5.2,hotpotqa,pdf,paired_effects_detailed_20260927/phase52_hotpotqa_colbertv2_delta_faithfulness.pdf,19878,f120075f851a8024f66f3c0153b524956fd34070449554c5cd9d5a25d497ea7d,exports/final_figure_packs_freeze_20260927,FROZEN_EXISTING_FIGURE,NO
phase52_hotpotqa_colbertv2_delta_faithfulness,,NO,5.2,hotpotqa,png,paired_effects_detailed_20260927/phase52_hotpotqa_colbertv2_delta_faithfulness.png,283389,5a28d0d26c3a2f4bc01735c9e5f3c378791355ca3305780d197a1c0e84bd75ad,exports/final_figure_packs_freeze_20260927,FROZEN_EXISTING_FIGURE,NO
phase52_hotpotqa_colbertv2_delta_hallucination,,NO,5.2,hotpotqa,pdf,paired_effects_detailed_20260927/phase52_hotpotqa_colbertv2_delta_hallucination.pdf,19701,2dcd84d4dcd3323e209fc71d3a8d1bb127824c643764bd75fda4902f28313c66,exports/final_figure_packs_freeze_20260927,FROZEN_EXISTING_FIGURE,NO
phase52_hotpotqa_colbertv2_delta_hallucination,,NO,5.2,hotpotqa,png,paired_effects_detailed_20260927/phase52_hotpotqa_colbertv2_delta_hallucination.png,282802,cf853cdf424968d9a058a60e64cce686126424cb340c1184bd27ecf3d8ff3d16,exports/final_figure_packs_freeze_20260927,FROZEN_EXISTING_FIGURE,NO
phase52_hotpotqa_contriever_delta_faithfulness,,NO,5.2,hotpotqa,pdf,paired_effects_detailed_20260927/phase52_hotpotqa_contriever_delta_faithfulness.pdf,20106,abd985e987e8e4ad4494e2d619cd543a3e727cbea9ee6f8e9e32b406339b551e,exports/final_figure_packs_freeze_20260927,FROZEN_EXISTING_FIGURE,NO
phase52_hotpotqa_contriever_delta_faithfulness,,NO,5.2,hotpotqa,png,paired_effects_detailed_20260927/phase52_hotpotqa_contriever_delta_faithfulness.png,276552,2542af91b48454ff2d1736df6a39c06cc1220b19175164e696451fa7927a2787,exports/final_figure_packs_freeze_20260927,FROZEN_EXISTING_FIGURE,NO
phase52_hotpotqa_contriever_delta_hallucination,,NO,5.2,hotpotqa,pdf,paired_effects_detailed_20260927/phase52_hotpotqa_contriever_delta_hallucination.pdf,19905,cae030836e2693f1973eb97f0ae8f4648ed796df34ffde3f3ec00b0bc01b49c4,exports/final_figure_packs_freeze_20260927,FROZEN_EXISTING_FIGURE,NO
phase52_hotpotqa_contriever_delta_hallucination,,NO,5.2,hotpotqa,png,paired_effects_detailed_20260927/phase52_hotpotqa_contriever_delta_hallucination.png,276456,f7c2541536a7be58a70c66be3bac8fbc9736426200067ba4cbbe8896b8a794b0,exports/final_figure_packs_freeze_20260927,FROZEN_EXISTING_FIGURE,NO
phase52_hotpotqa_dpr_delta_faithfulness,,NO,5.2,hotpotqa,pdf,paired_effects_detailed_20260927/phase52_hotpotqa_dpr_delta_faithfulness.pdf,19609,e0f568a9c1dabfec30b21de6c2b333d6d5bf8c0d995816555de4d61cc3d531cd,exports/final_figure_packs_freeze_20260927,FROZEN_EXISTING_FIGURE,NO
phase52_hotpotqa_dpr_delta_faithfulness,,NO,5.2,hotpotqa,png,paired_effects_detailed_20260927/phase52_hotpotqa_dpr_delta_faithfulness.png,283800,7e07d4e1877d03a97f45a1ff6592cd90bceac0f0a1fa0dfedee7688a6e2fafe3,exports/final_figure_packs_freeze_20260927,FROZEN_EXISTING_FIGURE,NO
phase52_hotpotqa_dpr_delta_hallucination,,NO,5.2,hotpotqa,pdf,paired_effects_detailed_20260927/phase52_hotpotqa_dpr_delta_hallucination.pdf,19426,768a6a146f6fb5e7e93d7a043d76e30c128268de1eba4aec36488dbb98feed68,exports/final_figure_packs_freeze_20260927,FROZEN_EXISTING_FIGURE,NO
phase52_hotpotqa_dpr_delta_hallucination,,NO,5.2,hotpotqa,png,paired_effects_detailed_20260927/phase52_hotpotqa_dpr_delta_hallucination.png,284301,7cf4765160b95e65a9bf141f19926bc0702f9177d2fd27d8bf40435ec64a6cca,exports/final_figure_packs_freeze_20260927,FROZEN_EXISTING_FIGURE,NO
phase52_pubmedqa_bm25_delta_faithfulness,,NO,5.2,pubmedqa,pdf,paired_effects_detailed_20260927/phase52_pubmedqa_bm25_delta_faithfulness.pdf,19897,90186dc16fbbd8b5102e8771f3efe70bb138f0100fa9aa743466efe1ad1f8002,exports/final_figure_packs_freeze_20260927,FROZEN_EXISTING_FIGURE,NO
phase52_pubmedqa_bm25_delta_faithfulness,,NO,5.2,pubmedqa,png,paired_effects_detailed_20260927/phase52_pubmedqa_bm25_delta_faithfulness.png,301457,6ef0279a8a49e7a1d6cf2b9b8bf0ff21cb530b9123f57cd8e3330afacdd03a25,exports/final_figure_packs_freeze_20260927,FROZEN_EXISTING_FIGURE,NO
phase52_pubmedqa_bm25_delta_hallucination,,NO,5.2,pubmedqa,pdf,paired_effects_detailed_20260927/phase52_pubmedqa_bm25_delta_hallucination.pdf,19571,5731c1c8b912e548d680ed42fab8cfc4e884e6c7cb0620b914562ed393301f3f,exports/final_figure_packs_freeze_20260927,FROZEN_EXISTING_FIGURE,NO
phase52_pubmedqa_bm25_delta_hallucination,,NO,5.2,pubmedqa,png,paired_effects_detailed_20260927/phase52_pubmedqa_bm25_delta_hallucination.png,318455,872c588719acaabc0a78aa9c5fff058d073afa4c8fb616fc857310a6891ff800,exports/final_figure_packs_freeze_20260927,FROZEN_EXISTING_FIGURE,NO
phase52_pubmedqa_colbertv2_delta_faithfulness,,NO,5.2,pubmedqa,pdf,paired_effects_detailed_20260927/phase52_pubmedqa_colbertv2_delta_faithfulness.pdf,19824,614602b5c92cf68448f4b9d7d6b6e5d870c765a9e7925072a2d163f84c9bd7cd,exports/final_figure_packs_freeze_20260927,FROZEN_EXISTING_FIGURE,NO
phase52_pubmedqa_colbertv2_delta_faithfulness,,NO,5.2,pubmedqa,png,paired_effects_detailed_20260927/phase52_pubmedqa_colbertv2_delta_faithfulness.png,311940,2b92b7c7f15e2247d2bff41ada3def542ade36901de3b8f65790d2a18fd380d6,exports/final_figure_packs_freeze_20260927,FROZEN_EXISTING_FIGURE,NO
phase52_pubmedqa_colbertv2_delta_hallucination,,NO,5.2,pubmedqa,pdf,paired_effects_detailed_20260927/phase52_pubmedqa_colbertv2_delta_hallucination.pdf,20307,a2d544354356ef3f276965060017a96ef2ad3be425dff1e29ddbcfc7cd73e0e5,exports/final_figure_packs_freeze_20260927,FROZEN_EXISTING_FIGURE,NO
phase52_pubmedqa_colbertv2_delta_hallucination,,NO,5.2,pubmedqa,png,paired_effects_detailed_20260927/phase52_pubmedqa_colbertv2_delta_hallucination.png,326687,ca9fa21ca7777b89014547d35e666b93f4692f1d46e061a109349ad08d9ec545,exports/final_figure_packs_freeze_20260927,FROZEN_EXISTING_FIGURE,NO
phase52_pubmedqa_contriever_delta_faithfulness,,NO,5.2,pubmedqa,pdf,paired_effects_detailed_20260927/phase52_pubmedqa_contriever_delta_faithfulness.pdf,19453,bb8a61ae747ea712a3500216629691422c8701347c0f94685d62cf0f7931502c,exports/final_figure_packs_freeze_20260927,FROZEN_EXISTING_FIGURE,NO
phase52_pubmedqa_contriever_delta_faithfulness,,NO,5.2,pubmedqa,png,paired_effects_detailed_20260927/phase52_pubmedqa_contriever_delta_faithfulness.png,317571,1a4a168e94609e1b45874e1943a4b2cd13edfd677db0908507719cbbcd937e1e,exports/final_figure_packs_freeze_20260927,FROZEN_EXISTING_FIGURE,NO
phase52_pubmedqa_contriever_delta_hallucination,,NO,5.2,pubmedqa,pdf,paired_effects_detailed_20260927/phase52_pubmedqa_contriever_delta_hallucination.pdf,19417,aebb5283bfb1a95d682c7dd125b92bc9c72e6fdd2c51cafffab759e3568af307,exports/final_figure_packs_freeze_20260927,FROZEN_EXISTING_FIGURE,NO
phase52_pubmedqa_contriever_delta_hallucination,,NO,5.2,pubmedqa,png,paired_effects_detailed_20260927/phase52_pubmedqa_contriever_delta_hallucination.png,327373,dcc935b78f63f7787d348287bc2d1ba95c46f07be2f46a7d707caedd8c987d62,exports/final_figure_packs_freeze_20260927,FROZEN_EXISTING_FIGURE,NO
phase52_pubmedqa_dpr_delta_faithfulness,,NO,5.2,pubmedqa,pdf,paired_effects_detailed_20260927/phase52_pubmedqa_dpr_delta_faithfulness.pdf,19314,0b4126bfdda50dbf0c6d2521866aa1ebffab35b80c1f4c7d62cc371d3d41e7ca,exports/final_figure_packs_freeze_20260927,FROZEN_EXISTING_FIGURE,NO
phase52_pubmedqa_dpr_delta_faithfulness,,NO,5.2,pubmedqa,png,paired_effects_detailed_20260927/phase52_pubmedqa_dpr_delta_faithfulness.png,340906,80c7f52982154df37264eac0c69e86a61a6a5d68bf873771dfff94c255e6d0cb,exports/final_figure_packs_freeze_20260927,FROZEN_EXISTING_FIGURE,NO
phase52_pubmedqa_dpr_delta_hallucination,,NO,5.2,pubmedqa,pdf,paired_effects_detailed_20260927/phase52_pubmedqa_dpr_delta_hallucination.pdf,19025,c03e441998db4e23a63b55455b2937174b52ff08a55635e018b0bcf55163cd0a,exports/final_figure_packs_freeze_20260927,FROZEN_EXISTING_FIGURE,NO
phase52_pubmedqa_dpr_delta_hallucination,,NO,5.2,pubmedqa,png,paired_effects_detailed_20260927/phase52_pubmedqa_dpr_delta_hallucination.png,345173,a5d48978b578f595be1fadba2a833a9c0377775a17b4cc67119d895b05d8d29c,exports/final_figure_packs_freeze_20260927,FROZEN_EXISTING_FIGURE,NO
phase53_bm25_operating_points,,NO,5.3,unspecified,pdf,phase53_detailed_associations_20260927/phase53_bm25_operating_points.pdf,20102,c0317465dd63fd3e701e33dfc5584900fca6ee7b79a175ab16c624c426e437cd,exports/final_figure_packs_freeze_20260927,FROZEN_EXISTING_FIGURE,NO
phase53_bm25_operating_points,,NO,5.3,unspecified,png,phase53_detailed_associations_20260927/phase53_bm25_operating_points.png,298783,0569dc3a30808290272bbc40b22ec7467fda639d811b8271cf0247d841f07cd3,exports/final_figure_packs_freeze_20260927,FROZEN_EXISTING_FIGURE,NO
phase53_bm25_paired_delta_operating_points,,NO,5.3,unspecified,pdf,phase53_detailed_associations_20260927/phase53_bm25_paired_delta_operating_points.pdf,20206,e3ffd061673c6d04be1a4dd7abf6c7feaeb48622c791a0256894f65908e2aa14,exports/final_figure_packs_freeze_20260927,FROZEN_EXISTING_FIGURE,NO
phase53_bm25_paired_delta_operating_points,,NO,5.3,unspecified,png,phase53_detailed_associations_20260927/phase53_bm25_paired_delta_operating_points.png,359518,34d5c1367aa4490b06c8753b37c1904007a0b1726308953477713dbe5aaabe75,exports/final_figure_packs_freeze_20260927,FROZEN_EXISTING_FIGURE,NO
phase53_contriever_operating_points,,NO,5.3,unspecified,pdf,phase53_detailed_associations_20260927/phase53_contriever_operating_points.pdf,20017,d85e312fd68b083781a569d48d13cc3ab5954d2d690dbd95453fcba7ad292df4,exports/final_figure_packs_freeze_20260927,FROZEN_EXISTING_FIGURE,NO
phase53_contriever_operating_points,,NO,5.3,unspecified,png,phase53_detailed_associations_20260927/phase53_contriever_operating_points.png,305970,44a60c1a85f382aeb1915d857499868131cceb4d9b81428094987af45c4b9720,exports/final_figure_packs_freeze_20260927,FROZEN_EXISTING_FIGURE,NO
phase53_contriever_paired_delta_operating_points,,NO,5.3,unspecified,pdf,phase53_detailed_associations_20260927/phase53_contriever_paired_delta_operating_points.pdf,20165,7eb9ad6685f059d380a71b1b45c3fa6aa6cd359e257907edd911ce060e5d787e,exports/final_figure_packs_freeze_20260927,FROZEN_EXISTING_FIGURE,NO
phase53_contriever_paired_delta_operating_points,,NO,5.3,unspecified,png,phase53_detailed_associations_20260927/phase53_contriever_paired_delta_operating_points.png,348193,3575479c3ee7e29c0bdfb25bcd81a93fbbcfd3a8877ab147b30057ead6b21730,exports/final_figure_packs_freeze_20260927,FROZEN_EXISTING_FIGURE,NO
phase53_cross_sectional_pearson_heatmap,,NO,5.3,unspecified,pdf,phase53_detailed_associations_20260927/phase53_cross_sectional_pearson_heatmap.pdf,18767,8d19f44dc876449ad5652f7f6396ae7920cc5d866f28c4c2be60220342e32482,exports/final_figure_packs_freeze_20260927,FROZEN_EXISTING_FIGURE,NO
phase53_cross_sectional_pearson_heatmap,,NO,5.3,unspecified,png,phase53_detailed_associations_20260927/phase53_cross_sectional_pearson_heatmap.png,182289,c89ebf56a2110bf500917d082646254150f90001b43523b8f286ec0908c29bae,exports/final_figure_packs_freeze_20260927,FROZEN_EXISTING_FIGURE,NO
phase53_cross_sectional_spearman_heatmap,,NO,5.3,unspecified,pdf,phase53_detailed_associations_20260927/phase53_cross_sectional_spearman_heatmap.pdf,19026,4e5672cd8628c9724922c2ff83b4527b8a68a67033cbeff5994862f878b31821,exports/final_figure_packs_freeze_20260927,FROZEN_EXISTING_FIGURE,NO
phase53_cross_sectional_spearman_heatmap,,NO,5.3,unspecified,png,phase53_detailed_associations_20260927/phase53_cross_sectional_spearman_heatmap.png,170165,b177c7450b7ddd1a9399698d02b8df27a14b358f9fdb82ecdcdc89a2d43e2641,exports/final_figure_packs_freeze_20260927,FROZEN_EXISTING_FIGURE,NO
phase53_dpr_operating_points,,NO,5.3,unspecified,pdf,phase53_detailed_associations_20260927/phase53_dpr_operating_points.pdf,20077,5e01a8ffed1aabbe3e387c71652c4ef486d229e7a58d4a5bb75240ddf55e7bb5,exports/final_figure_packs_freeze_20260927,FROZEN_EXISTING_FIGURE,NO
phase53_dpr_operating_points,,NO,5.3,unspecified,png,phase53_detailed_associations_20260927/phase53_dpr_operating_points.png,349834,053bfda0d2217b9a6f42ef2731342ca4fd1dc89b77fa73075ef1a240f1dfcc03,exports/final_figure_packs_freeze_20260927,FROZEN_EXISTING_FIGURE,NO
phase53_dpr_paired_delta_operating_points,,NO,5.3,unspecified,pdf,phase53_detailed_associations_20260927/phase53_dpr_paired_delta_operating_points.pdf,20216,cddbdda418685588c9f934e70110f6693f2b452a2977d9b64e2e0e5364fc74b3,exports/final_figure_packs_freeze_20260927,FROZEN_EXISTING_FIGURE,NO
phase53_dpr_paired_delta_operating_points,,NO,5.3,unspecified,png,phase53_detailed_associations_20260927/phase53_dpr_paired_delta_operating_points.png,346872,c91e2acf244b43fa4aae2d32195f2aff38b0d46efa30fb15c95e6eb797f6b53f,exports/final_figure_packs_freeze_20260927,FROZEN_EXISTING_FIGURE,NO
phase53_gemma4-26b_operating_points,,NO,5.3,unspecified,pdf,phase53_detailed_associations_20260927/phase53_gemma4-26b_operating_points.pdf,17932,afe8d4a084c86d0f257ca4d6d6bb42fdb5a4522a117269d66746f53fa271ef24,exports/final_figure_packs_freeze_20260927,FROZEN_EXISTING_FIGURE,NO
phase53_gemma4-26b_operating_points,,NO,5.3,unspecified,png,phase53_detailed_associations_20260927/phase53_gemma4-26b_operating_points.png,281686,c575328efd5cf1ef798715ee4617bcd024d1453237c51ad7c2a41c2b297a973f,exports/final_figure_packs_freeze_20260927,FROZEN_EXISTING_FIGURE,NO
phase53_gemma4-26b_paired_delta,,NO,5.3,unspecified,pdf,phase53_detailed_associations_20260927/phase53_gemma4-26b_paired_delta.pdf,18595,e3cf030726919ccdbf8a07ff98882dbe2c1aa3906feeb8f7bb36c1017af30ca4,exports/final_figure_packs_freeze_20260927,FROZEN_EXISTING_FIGURE,NO
phase53_gemma4-26b_paired_delta,,NO,5.3,unspecified,png,phase53_detailed_associations_20260927/phase53_gemma4-26b_paired_delta.png,314054,bdfc472f45db6bde6dc2f3384a80568a2d36c80ef11a1d1ff5c8c5633f1a2fb3,exports/final_figure_packs_freeze_20260927,FROZEN_EXISTING_FIGURE,NO
phase53_llama-3.3-70b_operating_points,,NO,5.3,unspecified,pdf,phase53_detailed_associations_20260927/phase53_llama-3.3-70b_operating_points.pdf,17211,9889643adf273c8cd858b7f4d0f75b8dcdf38a1da2a4dd0335cdbbee2850924c,exports/final_figure_packs_freeze_20260927,FROZEN_EXISTING_FIGURE,NO
phase53_llama-3.3-70b_operating_points,,NO,5.3,unspecified,png,phase53_detailed_associations_20260927/phase53_llama-3.3-70b_operating_points.png,292085,3da7df82b18d43fdd03b6ee24f29b679d96cb570cb36c513633c29125622cb4a,exports/final_figure_packs_freeze_20260927,FROZEN_EXISTING_FIGURE,NO
phase53_llama-3.3-70b_paired_delta,,NO,5.3,unspecified,pdf,phase53_detailed_associations_20260927/phase53_llama-3.3-70b_paired_delta.pdf,18435,dc9862e1d378d2e858c39c548c90263185be66f02e9e25a254793c7bc9c2c014,exports/final_figure_packs_freeze_20260927,FROZEN_EXISTING_FIGURE,NO
phase53_llama-3.3-70b_paired_delta,,NO,5.3,unspecified,png,phase53_detailed_associations_20260927/phase53_llama-3.3-70b_paired_delta.png,289081,9a7c1fe303c19850ae58c963fc914d8ac85153ab5b6f56348d518953d81dd7c8,exports/final_figure_packs_freeze_20260927,FROZEN_EXISTING_FIGURE,NO
phase53_ministral-3-14b_operating_points,,NO,5.3,unspecified,pdf,phase53_detailed_associations_20260927/phase53_ministral-3-14b_operating_points.pdf,17251,69c420ce77010c0e59df035974771e27284176c3fa13d26f3c028203f2ffcf35,exports/final_figure_packs_freeze_20260927,FROZEN_EXISTING_FIGURE,NO
phase53_ministral-3-14b_operating_points,,NO,5.3,unspecified,png,phase53_detailed_associations_20260927/phase53_ministral-3-14b_operating_points.png,279441,6bb43119fcde43ec86ec6d07fbd9555c589c2e8dfe7ef65636064fbac1efe469,exports/final_figure_packs_freeze_20260927,FROZEN_EXISTING_FIGURE,NO
phase53_ministral-3-14b_paired_delta,,NO,5.3,unspecified,pdf,phase53_detailed_associations_20260927/phase53_ministral-3-14b_paired_delta.pdf,18242,82bd10d9b7f7145d43a9594254fd4e11fe8ed07480505ad26160f645bf3bb04e,exports/final_figure_packs_freeze_20260927,FROZEN_EXISTING_FIGURE,NO
phase53_ministral-3-14b_paired_delta,,NO,5.3,unspecified,png,phase53_detailed_associations_20260927/phase53_ministral-3-14b_paired_delta.png,256976,a13444f2542290082d2315f981ad7f0d2659766bf65c0a419d0947479edfd11e,exports/final_figure_packs_freeze_20260927,FROZEN_EXISTING_FIGURE,NO
phase53_overall_association_summary,F20,YES,5.3,cross_dataset,pdf,phase53_detailed_associations_20260927/phase53_overall_association_summary.pdf,15425,df76083ce5f564359872666139ec84e45a517867bc9ebdc73ef627422f7ddae3,exports/final_figure_packs_freeze_20260927,FROZEN_EXISTING_FIGURE,NO
phase53_overall_association_summary,F20,YES,5.3,cross_dataset,png,phase53_detailed_associations_20260927/phase53_overall_association_summary.png,105047,da6a43bb5efff8cd974c13415f068984272cb4b295bc7f52a9b6d1113eb280a8,exports/final_figure_packs_freeze_20260927,FROZEN_EXISTING_FIGURE,NO
phase53_paired_delta_pearson_heatmap,,NO,5.3,unspecified,pdf,phase53_detailed_associations_20260927/phase53_paired_delta_pearson_heatmap.pdf,19093,db4b6dbdffce7b8907ad618e040b009f8385a9542d3cc27ab3a3c61eb134348d,exports/final_figure_packs_freeze_20260927,FROZEN_EXISTING_FIGURE,NO
phase53_paired_delta_pearson_heatmap,,NO,5.3,unspecified,png,phase53_detailed_associations_20260927/phase53_paired_delta_pearson_heatmap.png,169573,5acdab405f6fea09c1171d4359efc9f64662f913aa6269919d61af2f47ec42de,exports/final_figure_packs_freeze_20260927,FROZEN_EXISTING_FIGURE,NO
phase53_paired_delta_spearman_heatmap,,NO,5.3,unspecified,pdf,phase53_detailed_associations_20260927/phase53_paired_delta_spearman_heatmap.pdf,19861,7ca66155b180c0b2a6455bb9925f5a8f0ed5c539d24fd6f8d319d74226291e5a,exports/final_figure_packs_freeze_20260927,FROZEN_EXISTING_FIGURE,NO
phase53_paired_delta_spearman_heatmap,,NO,5.3,unspecified,png,phase53_detailed_associations_20260927/phase53_paired_delta_spearman_heatmap.png,178326,a86e09a52fbf9dc8380f54e214c1a7c0dc341ba93e1c2ee6a34d577681c3ae44,exports/final_figure_packs_freeze_20260927,FROZEN_EXISTING_FIGURE,NO
phase54_jaccard_by_retriever,,NO,5.4,unspecified,pdf,phase54_20260927/phase54_jaccard_by_retriever.pdf,16755,a885d80391205dcde60ae2958357594d28ba30e839b308f23a9f4ba1a0abc1e7,exports/final_figure_packs_freeze_20260927,FROZEN_EXISTING_FIGURE,NO
phase54_jaccard_by_retriever,,NO,5.4,unspecified,png,phase54_20260927/phase54_jaccard_by_retriever.png,120499,8beca543c7f42f136edc7b4c15968fa7a35960f530f52d75e6d000a2cc695d66,exports/final_figure_packs_freeze_20260927,FROZEN_EXISTING_FIGURE,NO
phase54_mmr_delta_jaccard5,,NO,5.4,unspecified,pdf,phase54_20260927/phase54_mmr_delta_jaccard5.pdf,16284,4e4d3157a2f95c608b81b124bbf4521456d90e793c1d63a7fc83e7bc557db14a,exports/final_figure_packs_freeze_20260927,FROZEN_EXISTING_FIGURE,NO
phase54_mmr_delta_jaccard5,,NO,5.4,unspecified,png,phase54_20260927/phase54_mmr_delta_jaccard5.png,109340,8c0c96605494a43b353450c9e151bcf8b8462606e3dcc9eec666b77c5220f313,exports/final_figure_packs_freeze_20260927,FROZEN_EXISTING_FIGURE,NO
phase54_ordered_top5_identity,,NO,5.4,unspecified,pdf,phase54_20260927/phase54_ordered_top5_identity.pdf,15357,50c1e3f71d8143fbfdfd560a53741c937a0a7ddc463265bb6d48f84980b600e6,exports/final_figure_packs_freeze_20260927,FROZEN_EXISTING_FIGURE,NO
phase54_ordered_top5_identity,,NO,5.4,unspecified,png,phase54_20260927/phase54_ordered_top5_identity.png,103088,a4eb173aa8406f7308b24279d0d9a7a93393916ff9da291903aa239e9bf53a55,exports/final_figure_packs_freeze_20260927,FROZEN_EXISTING_FIGURE,NO
