sprint_layer,phase,dataset,artifact_role,relative_path,size_bytes,sha256,authority_checkout,authority_commit,scientific_status,scientific_recomputation
sprint2,sprint2_retrieval,hotpotqa,SUMMARY,sprint2_diversification/retrieval/hotpotqa/bm25_hotpotqa_official_test_full_final8_retrieval_summary_v1.json,2568,d39ebe786e55ef359eabb821a78f21a40b7340c689d1272c4beef5728bc91c93,context-matters-diversity-aware-rag-final-handoff,3769bc9e202de8852f2a68532b1da53cfe5b5aa2,FROZEN_EXISTING_ARTIFACT,NO
sprint2,sprint2_retrieval,hotpotqa,SUMMARY,sprint2_diversification/retrieval/hotpotqa/colbertv2_hotpotqa_official_test_full_final8_retrieval_summary_v1.json,2591,27856ed87a5daf54d546c9476bed145c4e6446bb02973ac1e7eb49b6463b4bce,context-matters-diversity-aware-rag-final-handoff,3769bc9e202de8852f2a68532b1da53cfe5b5aa2,FROZEN_EXISTING_ARTIFACT,NO
sprint2,sprint2_retrieval,hotpotqa,SUMMARY,sprint2_diversification/retrieval/hotpotqa/contriever_hotpotqa_official_test_full_final8_retrieval_summary_v1.json,2601,fd14ad45bd2a6e3dd1b55a75f3389e90aebf9a2b093e4d379543aabe327734d9,context-matters-diversity-aware-rag-final-handoff,3769bc9e202de8852f2a68532b1da53cfe5b5aa2,FROZEN_EXISTING_ARTIFACT,NO
sprint2,sprint2_retrieval,hotpotqa,SUMMARY,sprint2_diversification/retrieval/hotpotqa/dpr_hotpotqa_official_test_full_final8_retrieval_summary_v1.json,2558,ed4ec0ee2371eea3db1d0e0c74892082f267d7e30d95d41e8a6dbd9e10de9de9,context-matters-diversity-aware-rag-final-handoff,3769bc9e202de8852f2a68532b1da53cfe5b5aa2,FROZEN_EXISTING_ARTIFACT,NO
sprint2,sprint2_retrieval,hotpotqa,MANIFEST,sprint2_diversification/retrieval/hotpotqa/manifest.json,3559,53425ab186981087152984d09e9aba9c18910f0350939d36b1d342cda76b0ac3,context-matters-diversity-aware-rag-final-handoff,3769bc9e202de8852f2a68532b1da53cfe5b5aa2,FROZEN_EXISTING_ARTIFACT,NO
sprint2,sprint2_retrieval,pubmedqa,SUMMARY,sprint2_diversification/retrieval/pubmedqa/bm25_pubmedqa_final8_retrieval_summary_v1.json,2777,b7c27e7a12fb27d7849201a8e5cecb4d79d98fe818f629d1f6d4c62a2b405658,context-matters-diversity-aware-rag-final-handoff,3769bc9e202de8852f2a68532b1da53cfe5b5aa2,FROZEN_EXISTING_ARTIFACT,NO
sprint2,sprint2_retrieval,pubmedqa,SUMMARY,sprint2_diversification/retrieval/pubmedqa/colbertv2_pubmedqa_final8_retrieval_summary_v1.json,2774,fa50f0d2b01c52d28c4f140c97980f2ec0e9c78337ac2a7882ee3814f4070c82,context-matters-diversity-aware-rag-final-handoff,3769bc9e202de8852f2a68532b1da53cfe5b5aa2,FROZEN_EXISTING_ARTIFACT,NO
sprint2,sprint2_retrieval,pubmedqa,SUMMARY,sprint2_diversification/retrieval/pubmedqa/contriever_pubmedqa_final8_retrieval_summary_v1.json,2804,4ebce9542eada322c184b2a4befd28b876cb3615258ab7d5b18ba30202c2a513,context-matters-diversity-aware-rag-final-handoff,3769bc9e202de8852f2a68532b1da53cfe5b5aa2,FROZEN_EXISTING_ARTIFACT,NO
sprint2,sprint2_retrieval,pubmedqa,SUMMARY,sprint2_diversification/retrieval/pubmedqa/dpr_pubmedqa_final8_retrieval_summary_v1.json,2776,8fec2c18ad25caa0baafc47d0463cb4ae25d25f51c69393d390aea26838b3e5a,context-matters-diversity-aware-rag-final-handoff,3769bc9e202de8852f2a68532b1da53cfe5b5aa2,FROZEN_EXISTING_ARTIFACT,NO
sprint2,sprint2_retrieval,pubmedqa,MANIFEST,sprint2_diversification/retrieval/pubmedqa/manifest.json,3356,8813efb8de9feb2e1aa17ca1e7b16777bf5a5e36710d8e4c758643efbc9e180c,context-matters-diversity-aware-rag-final-handoff,3769bc9e202de8852f2a68532b1da53cfe5b5aa2,FROZEN_EXISTING_ARTIFACT,NO
sprint3_phase4,4.1_correctness,asqa,SUMMARY,sprint3_evaluation/phase4/phase41_correctness/asqa/asqa_correctness_status_summary.csv,67,f34dfa0440dbf3f67ce939bf4046dacce0f5cd36a0d61c524190a4889e4e1029,context-matters-diversity-aware-rag-final-handoff,3769bc9e202de8852f2a68532b1da53cfe5b5aa2,FROZEN_EXISTING_ARTIFACT,NO
sprint3_phase4,4.1_correctness,asqa,SUMMARY,sprint3_evaluation/phase4/phase41_correctness/asqa/asqa_correctness_summary.csv,10181,860723cc70148c667348eb9d14915992b69f1f5e3343f878352e7a48c8958f11,context-matters-diversity-aware-rag-final-handoff,3769bc9e202de8852f2a68532b1da53cfe5b5aa2,FROZEN_EXISTING_ARTIFACT,NO
sprint3_phase4,4.1_correctness,asqa,FREEZE,sprint3_evaluation/phase4/phase41_correctness/asqa/freeze.json,2723,55c54609a49885dc42aa535d555fcdc7662b0b9bb23b224a3151a1034db528d5,context-matters-diversity-aware-rag-final-handoff,3769bc9e202de8852f2a68532b1da53cfe5b5aa2,FROZEN_EXISTING_ARTIFACT,NO
sprint3_phase4,4.1_correctness,asqa,MANIFEST,sprint3_evaluation/phase4/phase41_correctness/asqa/manifest.json,2933,cc048df22a5500327bf5ade48ccdd1470ceeed2d0809580a0345dce2d93f9e56,context-matters-diversity-aware-rag-final-handoff,3769bc9e202de8852f2a68532b1da53cfe5b5aa2,FROZEN_EXISTING_ARTIFACT,NO
sprint3_phase4,4.1_correctness,hotpotqa,FREEZE,sprint3_evaluation/phase4/phase41_correctness/hotpotqa/freeze.json,2236,965c0bfb54466ec06b1af3e99b749d1b09d8a98712b51834286b54ce8dfd599c,context-matters-diversity-aware-rag-final-handoff,3769bc9e202de8852f2a68532b1da53cfe5b5aa2,FROZEN_EXISTING_ARTIFACT,NO
sprint3_phase4,4.1_correctness,hotpotqa,MANIFEST,sprint3_evaluation/phase4/phase41_correctness/hotpotqa/manifest.json,2200,be379a537f8a97153c24b6aac638575c3e95bb79688f2bdd906015335b39d2e9,context-matters-diversity-aware-rag-final-handoff,3769bc9e202de8852f2a68532b1da53cfe5b5aa2,FROZEN_EXISTING_ARTIFACT,NO
sprint3_phase4,4.1_correctness,hotpotqa,SUMMARY,sprint3_evaluation/phase4/phase41_correctness/hotpotqa/status_summary.csv,71,57dcc9589df4b3887281f0a2c924986b1b207f0e78a728ff9dde4ce77eb2f2ce,context-matters-diversity-aware-rag-final-handoff,3769bc9e202de8852f2a68532b1da53cfe5b5aa2,FROZEN_EXISTING_ARTIFACT,NO
sprint3_phase4,4.1_correctness,hotpotqa,SUMMARY,sprint3_evaluation/phase4/phase41_correctness/hotpotqa/summary.csv,8875,de1a38b80aee1cdec9dcedc0888fc16b974baf5722bc5ac62f9bd40b52f6e7a4,context-matters-diversity-aware-rag-final-handoff,3769bc9e202de8852f2a68532b1da53cfe5b5aa2,FROZEN_EXISTING_ARTIFACT,NO
sprint3_phase4,4.1_correctness,pubmedqa,FREEZE,sprint3_evaluation/phase4/phase41_correctness/pubmedqa/freeze.json,1957,4507e6bf16fd8bf070bac158941cbe1a7b833a694814710861e051bc3166f98c,context-matters-diversity-aware-rag-final-handoff,3769bc9e202de8852f2a68532b1da53cfe5b5aa2,FROZEN_EXISTING_ARTIFACT,NO
sprint3_phase4,4.1_correctness,pubmedqa,MANIFEST,sprint3_evaluation/phase4/phase41_correctness/pubmedqa/manifest.json,1966,6d4558b9b9fb1089817764f77e0f1cdedfbe5f62665a4bb11f517fe5acbb4f19,context-matters-diversity-aware-rag-final-handoff,3769bc9e202de8852f2a68532b1da53cfe5b5aa2,FROZEN_EXISTING_ARTIFACT,NO
sprint3_phase4,4.1_correctness,pubmedqa,SUMMARY,sprint3_evaluation/phase4/phase41_correctness/pubmedqa/pubmedqa_correctness_summary.csv,7606,17c414f2776bce70f9f38f1630f5c53f2d13d180974e90192a35dbe5e53c91ae,context-matters-diversity-aware-rag-final-handoff,3769bc9e202de8852f2a68532b1da53cfe5b5aa2,FROZEN_EXISTING_ARTIFACT,NO
sprint3_phase4,4.1_correctness,pubmedqa,SUMMARY,sprint3_evaluation/phase4/phase41_correctness/pubmedqa/pubmedqa_generation_status_summary.csv,4680,49e44fe74a7a3bb7b10b2662cf82045384b2df4900209caa52cc3267d161b0f1,context-matters-diversity-aware-rag-final-handoff,3769bc9e202de8852f2a68532b1da53cfe5b5aa2,FROZEN_EXISTING_ARTIFACT,NO
sprint3_phase4,4.2_faithfulness_hallucination,cross_dataset,RESULT_ARTIFACT,sprint3_evaluation/phase4/phase42_faithfulness/PHASE42_FULL_RUN_COMPLETE.json,394,deddb52aedf4f302398544da2b3b14bc2127af13d64c6976184bec350396fa17,context-matters-diversity-aware-rag-final-handoff,3769bc9e202de8852f2a68532b1da53cfe5b5aa2,FROZEN_EXISTING_ARTIFACT,NO
sprint3_phase4,4.2_faithfulness_hallucination,asqa,MANIFEST,sprint3_evaluation/phase4/phase42_faithfulness/asqa_phase42_nli_manifest.json,1416,dff1d469d990a0199f16a02970f8131a6efd1c8b945204e758b94227c73c6ccf,context-matters-diversity-aware-rag-final-handoff,3769bc9e202de8852f2a68532b1da53cfe5b5aa2,FROZEN_EXISTING_ARTIFACT,NO
sprint3_phase4,4.2_faithfulness_hallucination,hotpotqa,MANIFEST,sprint3_evaluation/phase4/phase42_faithfulness/hotpotqa_phase42_nli_manifest.json,1445,f3f726b3659e67ccf27fa22327db72cb3873504287bd6cb68a134cdbc6c5f836,context-matters-diversity-aware-rag-final-handoff,3769bc9e202de8852f2a68532b1da53cfe5b5aa2,FROZEN_EXISTING_ARTIFACT,NO
sprint3_phase4,4.2_faithfulness_hallucination,pubmedqa,MANIFEST,sprint3_evaluation/phase4/phase42_faithfulness/pubmedqa_phase42_nli_manifest.json,1424,9b0dbbfcb956505344cae9b3b49385912d69587e34ddd3f2d3d9ab6ce263e616,context-matters-diversity-aware-rag-final-handoff,3769bc9e202de8852f2a68532b1da53cfe5b5aa2,FROZEN_EXISTING_ARTIFACT,NO
sprint3_phase4,4.3_coverage,asqa,SUMMARY,sprint3_evaluation/phase4/phase43_coverage/asqa_coverage_summary.csv,6784,2b42afeb3ce4b9eae6aeb0bbece69b3c0e0a13fcbc40fbb8100cfdf6244e7748,context-matters-diversity-aware-rag-final-handoff,3769bc9e202de8852f2a68532b1da53cfe5b5aa2,FROZEN_EXISTING_ARTIFACT,NO
sprint3_phase4,4.3_coverage,hotpotqa,SUMMARY,sprint3_evaluation/phase4/phase43_coverage/hotpotqa_coverage_summary.csv,4664,1b5554daa4565c78757e86776dabddfcabed87930aedc41c16a156fd16355ad3,context-matters-diversity-aware-rag-final-handoff,3769bc9e202de8852f2a68532b1da53cfe5b5aa2,FROZEN_EXISTING_ARTIFACT,NO
sprint3_phase4,4.3_coverage,pubmedqa,SUMMARY,sprint3_evaluation/phase4/phase43_coverage/pubmedqa_coverage_summary.csv,3386,6b606046146dd86849b3622db69165c5c15c638b42bc44bd80073dca72747c95,context-matters-diversity-aware-rag-final-handoff,3769bc9e202de8852f2a68532b1da53cfe5b5aa2,FROZEN_EXISTING_ARTIFACT,NO
sprint3_phase4,4.4_retrieval_diversity,asqa,SUMMARY,sprint3_evaluation/phase4/phase44_retrieval_diversity/asqa/bm25_asqa_project_protected_final_final8_retrieval_diversity_summary_v1.json,2816,cfb3701d1f8f786de783279addcce47ca345b6e7fac99c1d8063571c27846c61,context-matters-diversity-aware-rag-final-handoff,3769bc9e202de8852f2a68532b1da53cfe5b5aa2,FROZEN_EXISTING_ARTIFACT,NO
sprint3_phase4,4.4_retrieval_diversity,asqa,SUMMARY,sprint3_evaluation/phase4/phase44_retrieval_diversity/asqa/contriever_asqa_project_protected_final_final8_retrieval_diversity_summary_v1.json,2841,03c7577d3da2be7dbd3e1b62986533332aae4d3b44c0e22155fbdb53c26e53c0,context-matters-diversity-aware-rag-final-handoff,3769bc9e202de8852f2a68532b1da53cfe5b5aa2,FROZEN_EXISTING_ARTIFACT,NO
sprint3_phase4,4.4_retrieval_diversity,asqa,SUMMARY,sprint3_evaluation/phase4/phase44_retrieval_diversity/asqa/dpr_asqa_project_protected_final_final8_retrieval_diversity_summary_v1.json,2812,02696470ddbecde7b14773e8335a3f4f122246fb97d0df66b271d49d4ea5651d,context-matters-diversity-aware-rag-final-handoff,3769bc9e202de8852f2a68532b1da53cfe5b5aa2,FROZEN_EXISTING_ARTIFACT,NO
sprint3_phase4,4.4_retrieval_diversity,asqa,MANIFEST,sprint3_evaluation/phase4/phase44_retrieval_diversity/asqa/manifest.json,4027,3aa0d937be6e22ad663959d91ed0f0f6437bb82a7cf90513353786fb701b6950,context-matters-diversity-aware-rag-final-handoff,3769bc9e202de8852f2a68532b1da53cfe5b5aa2,FROZEN_EXISTING_ARTIFACT,NO
sprint3_phase4,4.4_retrieval_diversity,hotpotqa,SUMMARY,sprint3_evaluation/phase4/phase44_retrieval_diversity/hotpotqa/hotpotqa_retrieval_diversity_summary.csv,7399,e2bd2613396b370af4133aa3c71b94a3a1a84ab57c9ef70d956698960d5c1abc,context-matters-diversity-aware-rag-final-handoff,3769bc9e202de8852f2a68532b1da53cfe5b5aa2,FROZEN_EXISTING_ARTIFACT,NO
sprint3_phase4,4.4_retrieval_diversity,hotpotqa,MANIFEST,sprint3_evaluation/phase4/phase44_retrieval_diversity/hotpotqa/manifest.json,814,ed0c8351db387eb0781b70f886c0a551f75da249263e25267273b6f6042c899f,context-matters-diversity-aware-rag-final-handoff,3769bc9e202de8852f2a68532b1da53cfe5b5aa2,FROZEN_EXISTING_ARTIFACT,NO
sprint3_phase4,4.4_retrieval_diversity,cross_dataset,FREEZE,sprint3_evaluation/phase4/phase44_retrieval_diversity/phase4_retrieval_diversity_freeze_20260926.json,7280,18d9172e43ec7ac74c85118abc65f89edd6815b9f88be3d65ed613961eee0f07,context-matters-diversity-aware-rag-final-handoff,3769bc9e202de8852f2a68532b1da53cfe5b5aa2,FROZEN_EXISTING_ARTIFACT,NO
sprint3_phase4,4.4_retrieval_diversity,pubmedqa,MANIFEST,sprint3_evaluation/phase4/phase44_retrieval_diversity/pubmedqa/manifest.json,906,46cbc9ef703853b9137b9bc5f3682108bcd40605e3cf81f8ca89d3090090db2a,context-matters-diversity-aware-rag-final-handoff,3769bc9e202de8852f2a68532b1da53cfe5b5aa2,FROZEN_EXISTING_ARTIFACT,NO
sprint3_phase4,4.4_retrieval_diversity,pubmedqa,SUMMARY,sprint3_evaluation/phase4/phase44_retrieval_diversity/pubmedqa/pubmedqa_retrieval_diversity_summary.csv,7399,2cefc2fcb6edad16eee13676b253c987090cf04fcc9addbead9c833328ca2b3f,context-matters-diversity-aware-rag-final-handoff,3769bc9e202de8852f2a68532b1da53cfe5b5aa2,FROZEN_EXISTING_ARTIFACT,NO
sprint3_phase4,4.5_output_diversity,asqa,SUMMARY,sprint3_evaluation/phase4/phase45_output_diversity/asqa_output_diversity_summary.csv,5858,930f9b5db37a5a8794be5ee4a2464dc2817660a6df38c0ebf5d963349cabae6c,context-matters-diversity-aware-rag-final-handoff,3769bc9e202de8852f2a68532b1da53cfe5b5aa2,FROZEN_EXISTING_ARTIFACT,NO
sprint3_phase4,4.5_output_diversity,cross_dataset,FREEZE,sprint3_evaluation/phase4/phase45_output_diversity/freeze.json,3182,83054ea312ab7942446de383bec93fd4d646e59985ffa5056e4308b440b5ac6c,context-matters-diversity-aware-rag-final-handoff,3769bc9e202de8852f2a68532b1da53cfe5b5aa2,FROZEN_EXISTING_ARTIFACT,NO
sprint3_phase4,4.5_output_diversity,cross_dataset,MANIFEST,sprint3_evaluation/phase4/phase45_output_diversity/manifest.json,1676,1fd7b38457af3e43004f249db1fabee004bb3fdbe35cedbd34403e83323b7d04,context-matters-diversity-aware-rag-final-handoff,3769bc9e202de8852f2a68532b1da53cfe5b5aa2,FROZEN_EXISTING_ARTIFACT,NO
sprint3_phase5,5.1_diversity_accuracy,hotpotqa,SUMMARY,sprint3_evaluation/phase5/phase51_diversity_accuracy/hotpotqa_phase51_em_secondary_summary.csv,9461,8e7e1c018d08bc1e78be7f0d288bf6b8edd5b0c09871b5881218505599930dab,context-matters-diversity-aware-rag-final-handoff,3769bc9e202de8852f2a68532b1da53cfe5b5aa2,FROZEN_EXISTING_ARTIFACT,NO
sprint3_phase5,5.1_diversity_accuracy,cross_dataset,MANIFEST,sprint3_evaluation/phase5/phase51_diversity_accuracy/manifest.json,2318,9172fa44ebec0604ada47159d4950066a41e8e608b4ac2a40757e80efdd6c0d2,context-matters-diversity-aware-rag-final-handoff,3769bc9e202de8852f2a68532b1da53cfe5b5aa2,FROZEN_EXISTING_ARTIFACT,NO
sprint3_phase5,5.1_diversity_accuracy,cross_dataset,SUMMARY,sprint3_evaluation/phase5/phase51_diversity_accuracy/phase51_operating_point_summary.csv,35505,1b16084819fa5e2678036cf12b0348f22b7020a3885b446a176170a7d6a122fb,context-matters-diversity-aware-rag-final-handoff,3769bc9e202de8852f2a68532b1da53cfe5b5aa2,FROZEN_EXISTING_ARTIFACT,NO
sprint3_phase5,5.1_diversity_accuracy,cross_dataset,SUMMARY,sprint3_evaluation/phase5/phase51_diversity_accuracy/phase51_paired_summary_vs_none.csv,39414,ae35ada14305b22d83f80ff2b3f19b6a245abfecb80156ea689089cc3cedd709,context-matters-diversity-aware-rag-final-handoff,3769bc9e202de8852f2a68532b1da53cfe5b5aa2,FROZEN_EXISTING_ARTIFACT,NO
sprint3_phase5,5.2_diversity_hallucination,cross_dataset,MANIFEST,sprint3_evaluation/phase5/phase52_diversity_faithfulness/manifest.json,3174,19a78288711f8995f5ce4af573c5dcedc13e4bce4c355f5a4e2e733c3de14acb,context-matters-diversity-aware-rag-final-handoff,3769bc9e202de8852f2a68532b1da53cfe5b5aa2,FROZEN_EXISTING_ARTIFACT,NO
sprint3_phase5,5.2_diversity_hallucination,cross_dataset,SUMMARY,sprint3_evaluation/phase5/phase52_diversity_faithfulness/phase52_operating_point_summary.csv,49505,9c3e96cc7d7a6f486d2e0a759c50c6753f6c24b6bb7338952104d9a8f0f3f9d0,context-matters-diversity-aware-rag-final-handoff,3769bc9e202de8852f2a68532b1da53cfe5b5aa2,FROZEN_EXISTING_ARTIFACT,NO
sprint3_phase5,5.2_diversity_hallucination,cross_dataset,SUMMARY,sprint3_evaluation/phase5/phase52_diversity_faithfulness/phase52_paired_summary_vs_none.csv,58194,f0add83b21ff93f7e3608c84bdf7c4d8a9cf27658e7454c9ab5384978c10926f,context-matters-diversity-aware-rag-final-handoff,3769bc9e202de8852f2a68532b1da53cfe5b5aa2,FROZEN_EXISTING_ARTIFACT,NO
sprint3_phase5,5.3_context_output_diversity,cross_dataset,MANIFEST,sprint3_evaluation/phase5/phase53_context_output_diversity/manifest.json,3229,6d5f8d61793550f5ddd3aabcd53320b6b990c642f05a73b2c18910de7193dda4,context-matters-diversity-aware-rag-final-handoff,3769bc9e202de8852f2a68532b1da53cfe5b5aa2,FROZEN_EXISTING_ARTIFACT,NO
sprint3_phase5,5.3_context_output_diversity,cross_dataset,SUMMARY,sprint3_evaluation/phase5/phase53_context_output_diversity/phase53_operating_point_summary.csv,11724,0ff36101cbb78ca5457867d869711559943f046dc1910ebb48120f5f5c02cc76,context-matters-diversity-aware-rag-final-handoff,3769bc9e202de8852f2a68532b1da53cfe5b5aa2,FROZEN_EXISTING_ARTIFACT,NO
sprint3_phase5,5.3_context_output_diversity,cross_dataset,ASSOCIATION_RESULT,sprint3_evaluation/phase5/phase53_context_output_diversity/phase53_paired_delta_associations.csv,2140,e763538feb3147ddc860cdf9bc0e8602f54b47a167cf4ee29a662ebd041dbc90,context-matters-diversity-aware-rag-final-handoff,3769bc9e202de8852f2a68532b1da53cfe5b5aa2,FROZEN_EXISTING_ARTIFACT,NO
sprint3_phase5,5.3_context_output_diversity,cross_dataset,SUMMARY,sprint3_evaluation/phase5/phase53_context_output_diversity/phase53_paired_summary_vs_none.csv,12515,168d4154f6beb074e73d262e178c27366e950a0434fad5bd249df31517a51d9a,context-matters-diversity-aware-rag-final-handoff,3769bc9e202de8852f2a68532b1da53cfe5b5aa2,FROZEN_EXISTING_ARTIFACT,NO
sprint3_phase5,5.3_context_output_diversity,cross_dataset,ASSOCIATION_RESULT,sprint3_evaluation/phase5/phase53_context_output_diversity/phase53_row_level_associations.csv,2005,cdd6b195f2799cbb8076859aa8ce70925f0fd0c1a7894e2a95c1de821213a31e,context-matters-diversity-aware-rag-final-handoff,3769bc9e202de8852f2a68532b1da53cfe5b5aa2,FROZEN_EXISTING_ARTIFACT,NO
sprint3_phase5,5.4_paraphrase_robustness,asqa,RESULT_ARTIFACT,sprint3_evaluation/phase5/phase54_paraphrase_robustness/artifacts/phase54_asqa_adjudication_batch01.csv,657,2c1018ef2305baae073ff1feac5e5ebfb19dd3ed62b4ed31b13b39d418ab4dfa,context-matters-diversity-aware-rag-final-handoff,3769bc9e202de8852f2a68532b1da53cfe5b5aa2,FROZEN_EXISTING_ARTIFACT,NO
sprint3_phase5,5.4_paraphrase_robustness,asqa,RESULT_ARTIFACT,sprint3_evaluation/phase5/phase54_paraphrase_robustness/artifacts/phase54_asqa_adjudication_batch01_completed.csv,752,19b9b01b9c7ff75d7f64b316c2c390ba0dd613ed1a848416053da9bb4720eea9,context-matters-diversity-aware-rag-final-handoff,3769bc9e202de8852f2a68532b1da53cfe5b5aa2,FROZEN_EXISTING_ARTIFACT,NO
sprint3_phase5,5.4_paraphrase_robustness,asqa,MANIFEST,sprint3_evaluation/phase5/phase54_paraphrase_robustness/artifacts/phase54_asqa_adjudication_materialization_manifest.json,956,c200a173f256ccf1f3536e7c00ea322202a20a321c07dd75f69bfd2e12e20004,context-matters-diversity-aware-rag-final-handoff,3769bc9e202de8852f2a68532b1da53cfe5b5aa2,FROZEN_EXISTING_ARTIFACT,NO
sprint3_phase5,5.4_paraphrase_robustness,asqa,RESULT_ARTIFACT,sprint3_evaluation/phase5/phase54_paraphrase_robustness/artifacts/phase54_asqa_authoring_batch01.csv,4414,1fb8b9577569073aad5e100e292bac0de776acfe50da1d00442ca99376bec5c0,context-matters-diversity-aware-rag-final-handoff,3769bc9e202de8852f2a68532b1da53cfe5b5aa2,FROZEN_EXISTING_ARTIFACT,NO
sprint3_phase5,5.4_paraphrase_robustness,asqa,RESULT_ARTIFACT,sprint3_evaluation/phase5/phase54_paraphrase_robustness/artifacts/phase54_asqa_authoring_batch01_completed.csv,6077,52663c6a6165bcf3d7cca51f61a1d0aacfe227c250dc919e007828357381a2c6,context-matters-diversity-aware-rag-final-handoff,3769bc9e202de8852f2a68532b1da53cfe5b5aa2,FROZEN_EXISTING_ARTIFACT,NO
sprint3_phase5,5.4_paraphrase_robustness,asqa,MANIFEST,sprint3_evaluation/phase5/phase54_paraphrase_robustness/artifacts/phase54_asqa_authoring_batch01_completed_manifest.json,1609,a2c65a048f4760d4a527b3c37da88086027eb3ee3226b49c92778d6f6d26342a,context-matters-diversity-aware-rag-final-handoff,3769bc9e202de8852f2a68532b1da53cfe5b5aa2,FROZEN_EXISTING_ARTIFACT,NO
sprint3_phase5,5.4_paraphrase_robustness,asqa,MANIFEST,sprint3_evaluation/phase5/phase54_paraphrase_robustness/artifacts/phase54_asqa_authoring_batch01_manifest.json,1858,68c0dc9099a6078886fc90d32f2c6c37b070118379f58d137c4872027b834a9b,context-matters-diversity-aware-rag-final-handoff,3769bc9e202de8852f2a68532b1da53cfe5b5aa2,FROZEN_EXISTING_ARTIFACT,NO
sprint3_phase5,5.4_paraphrase_robustness,asqa,MANIFEST,sprint3_evaluation/phase5/phase54_paraphrase_robustness/artifacts/phase54_asqa_completed_reviews_manifest.json,1595,5a23355d6ec6f4993747dafd21e11a6b140421241825ba4b4d85b0b2ccbb7ec1,context-matters-diversity-aware-rag-final-handoff,3769bc9e202de8852f2a68532b1da53cfe5b5aa2,FROZEN_EXISTING_ARTIFACT,NO
sprint3_phase5,5.4_paraphrase_robustness,asqa,RESULT_ARTIFACT,sprint3_evaluation/phase5/phase54_paraphrase_robustness/artifacts/phase54_asqa_final_valid_pairs_v1.csv,8625,ccbac6ec0891987272b0fb8e0e0b083a94d62923a541c0533495261ae182e093,context-matters-diversity-aware-rag-final-handoff,3769bc9e202de8852f2a68532b1da53cfe5b5aa2,FROZEN_EXISTING_ARTIFACT,NO
sprint3_phase5,5.4_paraphrase_robustness,asqa,MANIFEST,sprint3_evaluation/phase5/phase54_paraphrase_robustness/artifacts/phase54_asqa_final_valid_pairs_v1_manifest.json,2541,70bad5ef4c9aab8e436ec4a7f0c0497740c82ca73ce863e7ca0ca619eb3fb437,context-matters-diversity-aware-rag-final-handoff,3769bc9e202de8852f2a68532b1da53cfe5b5aa2,FROZEN_EXISTING_ARTIFACT,NO
sprint3_phase5,5.4_paraphrase_robustness,asqa,MANIFEST,sprint3_evaluation/phase5/phase54_paraphrase_robustness/artifacts/phase54_asqa_review_materialization_manifest.json,1662,5c5cbc4a87cb072261944c7ab71c5bbfe75091a5403832af8101cb5ae5ac300d,context-matters-diversity-aware-rag-final-handoff,3769bc9e202de8852f2a68532b1da53cfe5b5aa2,FROZEN_EXISTING_ARTIFACT,NO
sprint3_phase5,5.4_paraphrase_robustness,asqa,RESULT_ARTIFACT,sprint3_evaluation/phase5/phase54_paraphrase_robustness/artifacts/phase54_asqa_reviewer1_batch01.csv,7770,692eac35e05b2bd13dec6d3de3965919c429c44a1a42898ccebe892131f79866,context-matters-diversity-aware-rag-final-handoff,3769bc9e202de8852f2a68532b1da53cfe5b5aa2,FROZEN_EXISTING_ARTIFACT,NO
sprint3_phase5,5.4_paraphrase_robustness,asqa,RESULT_ARTIFACT,sprint3_evaluation/phase5/phase54_paraphrase_robustness/artifacts/phase54_asqa_reviewer1_batch01_completed.csv,9525,60b8cb931c2575b9c21fa34246b8ff1c6d72c3763c1809dd361949df1b2d8588,context-matters-diversity-aware-rag-final-handoff,3769bc9e202de8852f2a68532b1da53cfe5b5aa2,FROZEN_EXISTING_ARTIFACT,NO
sprint3_phase5,5.4_paraphrase_robustness,asqa,RESULT_ARTIFACT,sprint3_evaluation/phase5/phase54_paraphrase_robustness/artifacts/phase54_asqa_reviewer2_batch01.csv,7770,692eac35e05b2bd13dec6d3de3965919c429c44a1a42898ccebe892131f79866,context-matters-diversity-aware-rag-final-handoff,3769bc9e202de8852f2a68532b1da53cfe5b5aa2,FROZEN_EXISTING_ARTIFACT,NO
sprint3_phase5,5.4_paraphrase_robustness,asqa,RESULT_ARTIFACT,sprint3_evaluation/phase5/phase54_paraphrase_robustness/artifacts/phase54_asqa_reviewer2_batch01_completed.csv,9691,1ff8c502733a8686b61d3c1eef105fb3cdde098bf7c9d20dd729a904434ae920,context-matters-diversity-aware-rag-final-handoff,3769bc9e202de8852f2a68532b1da53cfe5b5aa2,FROZEN_EXISTING_ARTIFACT,NO
sprint3_phase5,5.4_paraphrase_robustness,cross_dataset,ROW_LEVEL_RESULT,sprint3_evaluation/phase5/phase54_paraphrase_robustness/artifacts/phase54_final_results_v1/bm25_paraphrase_top50.jsonl,103162,117bc15c52455ec110fad1ae6977d22bdce4d0b5567aceca01c55d996273da7c,context-matters-diversity-aware-rag-final-handoff,3769bc9e202de8852f2a68532b1da53cfe5b5aa2,FROZEN_EXISTING_ARTIFACT,NO
sprint3_phase5,5.4_paraphrase_robustness,cross_dataset,ROW_LEVEL_RESULT,sprint3_evaluation/phase5/phase54_paraphrase_robustness/artifacts/phase54_final_results_v1/contriever_paraphrase_top50.jsonl,114778,b219ecafa19f691d9558feb24167e636c4539e9d17297bd219a347e046c4ab4e,context-matters-diversity-aware-rag-final-handoff,3769bc9e202de8852f2a68532b1da53cfe5b5aa2,FROZEN_EXISTING_ARTIFACT,NO
sprint3_phase5,5.4_paraphrase_robustness,cross_dataset,ROW_LEVEL_RESULT,sprint3_evaluation/phase5/phase54_paraphrase_robustness/artifacts/phase54_final_results_v1/dpr_paraphrase_top50.jsonl,107151,22d7023744b81a1ecbfc32b7a3bb473a9b1c89e9a508d328bc39bd9dff64d234,context-matters-diversity-aware-rag-final-handoff,3769bc9e202de8852f2a68532b1da53cfe5b5aa2,FROZEN_EXISTING_ARTIFACT,NO
sprint3_phase5,5.4_paraphrase_robustness,asqa,MANIFEST,sprint3_evaluation/phase5/phase54_paraphrase_robustness/artifacts/phase54_final_results_v1/phase54_asqa_robustness_metrics_manifest_v1.json,1115,7e92905f8b89b0965f979c6b72417dcc31aa110b0911c0421d2c20876383923c,context-matters-diversity-aware-rag-final-handoff,3769bc9e202de8852f2a68532b1da53cfe5b5aa2,FROZEN_EXISTING_ARTIFACT,NO
sprint3_phase5,5.4_paraphrase_robustness,asqa,QUERY_LEVEL_RESULT,sprint3_evaluation/phase5/phase54_paraphrase_robustness/artifacts/phase54_final_results_v1/phase54_asqa_robustness_query_metrics_v1.jsonl,120469,ba4287e47ffd05e64705111856ecb40f3171f84fab58d2948f2a3dbfadb5f2d6,context-matters-diversity-aware-rag-final-handoff,3769bc9e202de8852f2a68532b1da53cfe5b5aa2,FROZEN_EXISTING_ARTIFACT,NO
sprint3_phase5,5.4_paraphrase_robustness,asqa,SUMMARY,sprint3_evaluation/phase5/phase54_paraphrase_robustness/artifacts/phase54_final_results_v1/phase54_asqa_robustness_summary_v1.json,1350,4f500a8f73ce0dced42ac5371dc2872345d6f542bac8d7775e2c1e66a23019e5,context-matters-diversity-aware-rag-final-handoff,3769bc9e202de8852f2a68532b1da53cfe5b5aa2,FROZEN_EXISTING_ARTIFACT,NO
sprint3_phase5,5.4_paraphrase_robustness,cross_dataset,MANIFEST,sprint3_evaluation/phase5/phase54_paraphrase_robustness/artifacts/phase54_final_results_v1/phase54_final_freeze_manifest_v1.json,3547,2fd8f42e1f3fdab2f82756b2d6ffcba3f5997b0f13e7850ed9f4d35c64a9593c,context-matters-diversity-aware-rag-final-handoff,3769bc9e202de8852f2a68532b1da53cfe5b5aa2,FROZEN_EXISTING_ARTIFACT,NO
sprint3_phase5,5.4_paraphrase_robustness,cross_dataset,MANIFEST,sprint3_evaluation/phase5/phase54_paraphrase_robustness/artifacts/phase54_final_results_v1/phase54_paraphrase_retrieval_manifest.json,726,f30fed76b2c636b4c7212e04d29f6b2dffe2b7fc9030ce35984c0bdaeae0512b,context-matters-diversity-aware-rag-final-handoff,3769bc9e202de8852f2a68532b1da53cfe5b5aa2,FROZEN_EXISTING_ARTIFACT,NO
