phase,dataset,artifact_role,logical_id,format,row_count,selection_class,primary_metric_value_source,source_path,sha256,reason
4.1_correctness,asqa,SUMMARY,asqa_correctness_status_summary.csv,.csv,4,SUPPORTING_STATUS,NO,/pfs/work9/workspace/scratch/ma_rthummar-context_matters_sprint3/context-matters-diversity-aware-rag-final-handoff/sprint3_evaluation/phase4/phase41_correctness/asqa/asqa_correctness_status_summary.csv,f34dfa0440dbf3f67ce939bf4046dacce0f5cd36a0d61c524190a4889e4e1029,Status/completeness evidence only; not a primary scientific metric source.
4.1_correctness,asqa,SUMMARY,asqa_correctness_summary.csv,.csv,72,PRIMARY_REPORTING,YES,/pfs/work9/workspace/scratch/ma_rthummar-context_matters_sprint3/context-matters-diversity-aware-rag-final-handoff/sprint3_evaluation/phase4/phase41_correctness/asqa/asqa_correctness_summary.csv,860723cc70148c667348eb9d14915992b69f1f5e3343f878352e7a48c8958f11,Authoritative frozen compact result used directly for Notebook 3 reporting.
4.1_correctness,hotpotqa,SUMMARY,status_summary.csv,.csv,4,SUPPORTING_STATUS,NO,/pfs/work9/workspace/scratch/ma_rthummar-context_matters_sprint3/context-matters-diversity-aware-rag-final-handoff/sprint3_evaluation/phase4/phase41_correctness/hotpotqa/status_summary.csv,57dcc9589df4b3887281f0a2c924986b1b207f0e78a728ff9dde4ce77eb2f2ce,Status/completeness evidence only; not a primary scientific metric source.
4.1_correctness,hotpotqa,SUMMARY,summary.csv,.csv,96,PRIMARY_REPORTING,YES,/pfs/work9/workspace/scratch/ma_rthummar-context_matters_sprint3/context-matters-diversity-aware-rag-final-handoff/sprint3_evaluation/phase4/phase41_correctness/hotpotqa/summary.csv,de1a38b80aee1cdec9dcedc0888fc16b974baf5722bc5ac62f9bd40b52f6e7a4,Authoritative frozen compact result used directly for Notebook 3 reporting.
4.1_correctness,pubmedqa,SUMMARY,pubmedqa_correctness_summary.csv,.csv,96,PRIMARY_REPORTING,YES,/pfs/work9/workspace/scratch/ma_rthummar-context_matters_sprint3/context-matters-diversity-aware-rag-final-handoff/sprint3_evaluation/phase4/phase41_correctness/pubmedqa/pubmedqa_correctness_summary.csv,17c414f2776bce70f9f38f1630f5c53f2d13d180974e90192a35dbe5e53c91ae,Authoritative frozen compact result used directly for Notebook 3 reporting.
4.1_correctness,pubmedqa,SUMMARY,pubmedqa_generation_status_summary.csv,.csv,122,SUPPORTING_STATUS,NO,/pfs/work9/workspace/scratch/ma_rthummar-context_matters_sprint3/context-matters-diversity-aware-rag-final-handoff/sprint3_evaluation/phase4/phase41_correctness/pubmedqa/pubmedqa_generation_status_summary.csv,49e44fe74a7a3bb7b10b2662cf82045384b2df4900209caa52cc3267d161b0f1,Status/completeness evidence only; not a primary scientific metric source.
4.2_faithfulness_hallucination,cross_dataset,RESULT_ARTIFACT,PHASE42_FULL_RUN_COMPLETE.json,.json,1,PROVENANCE_ONLY,NO,/pfs/work9/workspace/scratch/ma_rthummar-context_matters_sprint3/context-matters-diversity-aware-rag-final-handoff/sprint3_evaluation/phase4/phase42_faithfulness/PHASE42_FULL_RUN_COMPLETE.json,deddb52aedf4f302398544da2b3b14bc2127af13d64c6976184bec350396fa17,Documents completion/runtime and expected evaluation volume; not a metric table.
4.3_coverage,asqa,SUMMARY,asqa_coverage_summary.csv,.csv,72,PRIMARY_REPORTING,YES,/pfs/work9/workspace/scratch/ma_rthummar-context_matters_sprint3/context-matters-diversity-aware-rag-final-handoff/sprint3_evaluation/phase4/phase43_coverage/asqa_coverage_summary.csv,2b42afeb3ce4b9eae6aeb0bbece69b3c0e0a13fcbc40fbb8100cfdf6244e7748,Authoritative frozen compact result used directly for Notebook 3 reporting.
4.3_coverage,hotpotqa,SUMMARY,hotpotqa_coverage_summary.csv,.csv,32,PRIMARY_REPORTING,YES,/pfs/work9/workspace/scratch/ma_rthummar-context_matters_sprint3/context-matters-diversity-aware-rag-final-handoff/sprint3_evaluation/phase4/phase43_coverage/hotpotqa_coverage_summary.csv,1b5554daa4565c78757e86776dabddfcabed87930aedc41c16a156fd16355ad3,Authoritative frozen compact result used directly for Notebook 3 reporting.
4.3_coverage,pubmedqa,SUMMARY,pubmedqa_coverage_summary.csv,.csv,32,PRIMARY_REPORTING,YES,/pfs/work9/workspace/scratch/ma_rthummar-context_matters_sprint3/context-matters-diversity-aware-rag-final-handoff/sprint3_evaluation/phase4/phase43_coverage/pubmedqa_coverage_summary.csv,6b606046146dd86849b3622db69165c5c15c638b42bc44bd80073dca72747c95,Authoritative frozen compact result used directly for Notebook 3 reporting.
4.4_retrieval_diversity,asqa,SUMMARY,bm25_asqa_project_protected_final_final8_retrieval_diversity_summary_v1.json,.json,1,PRIMARY_REPORTING,YES,/pfs/work9/workspace/scratch/ma_rthummar-context_matters_sprint3/context-matters-diversity-aware-rag-final-handoff/sprint3_evaluation/phase4/phase44_retrieval_diversity/asqa/bm25_asqa_project_protected_final_final8_retrieval_diversity_summary_v1.json,cfb3701d1f8f786de783279addcce47ca345b6e7fac99c1d8063571c27846c61,Authoritative frozen compact result used directly for Notebook 3 reporting.
4.4_retrieval_diversity,asqa,SUMMARY,contriever_asqa_project_protected_final_final8_retrieval_diversity_summary_v1.json,.json,1,PRIMARY_REPORTING,YES,/pfs/work9/workspace/scratch/ma_rthummar-context_matters_sprint3/context-matters-diversity-aware-rag-final-handoff/sprint3_evaluation/phase4/phase44_retrieval_diversity/asqa/contriever_asqa_project_protected_final_final8_retrieval_diversity_summary_v1.json,03c7577d3da2be7dbd3e1b62986533332aae4d3b44c0e22155fbdb53c26e53c0,Authoritative frozen compact result used directly for Notebook 3 reporting.
4.4_retrieval_diversity,asqa,SUMMARY,dpr_asqa_project_protected_final_final8_retrieval_diversity_summary_v1.json,.json,1,PRIMARY_REPORTING,YES,/pfs/work9/workspace/scratch/ma_rthummar-context_matters_sprint3/context-matters-diversity-aware-rag-final-handoff/sprint3_evaluation/phase4/phase44_retrieval_diversity/asqa/dpr_asqa_project_protected_final_final8_retrieval_diversity_summary_v1.json,02696470ddbecde7b14773e8335a3f4f122246fb97d0df66b271d49d4ea5651d,Authoritative frozen compact result used directly for Notebook 3 reporting.
4.4_retrieval_diversity,hotpotqa,SUMMARY,hotpotqa_retrieval_diversity_summary.csv,.csv,32,PRIMARY_REPORTING,YES,/pfs/work9/workspace/scratch/ma_rthummar-context_matters_sprint3/context-matters-diversity-aware-rag-final-handoff/sprint3_evaluation/phase4/phase44_retrieval_diversity/hotpotqa/hotpotqa_retrieval_diversity_summary.csv,e2bd2613396b370af4133aa3c71b94a3a1a84ab57c9ef70d956698960d5c1abc,Authoritative frozen compact result used directly for Notebook 3 reporting.
4.4_retrieval_diversity,pubmedqa,SUMMARY,pubmedqa_retrieval_diversity_summary.csv,.csv,32,PRIMARY_REPORTING,YES,/pfs/work9/workspace/scratch/ma_rthummar-context_matters_sprint3/context-matters-diversity-aware-rag-final-handoff/sprint3_evaluation/phase4/phase44_retrieval_diversity/pubmedqa/pubmedqa_retrieval_diversity_summary.csv,2cefc2fcb6edad16eee13676b253c987090cf04fcc9addbead9c833328ca2b3f,Authoritative frozen compact result used directly for Notebook 3 reporting.
4.5_output_diversity,asqa,SUMMARY,asqa_output_diversity_summary.csv,.csv,72,PRIMARY_REPORTING,YES,/pfs/work9/workspace/scratch/ma_rthummar-context_matters_sprint3/context-matters-diversity-aware-rag-final-handoff/sprint3_evaluation/phase4/phase45_output_diversity/asqa_output_diversity_summary.csv,930f9b5db37a5a8794be5ee4a2464dc2817660a6df38c0ebf5d963349cabae6c,Authoritative frozen compact result used directly for Notebook 3 reporting.
5.1_diversity_accuracy,cross_dataset,SUMMARY,phase51_operating_point_summary.csv,.csv,264,PRIMARY_REPORTING,YES,/pfs/work9/workspace/scratch/ma_rthummar-context_matters_sprint3/context-matters-diversity-aware-rag-final-handoff/sprint3_evaluation/phase5/phase51_diversity_accuracy/phase51_operating_point_summary.csv,1b16084819fa5e2678036cf12b0348f22b7020a3885b446a176170a7d6a122fb,Authoritative frozen compact result used directly for Notebook 3 reporting.
5.1_diversity_accuracy,cross_dataset,SUMMARY,phase51_paired_summary_vs_none.csv,.csv,231,PRIMARY_REPORTING,YES,/pfs/work9/workspace/scratch/ma_rthummar-context_matters_sprint3/context-matters-diversity-aware-rag-final-handoff/sprint3_evaluation/phase5/phase51_diversity_accuracy/phase51_paired_summary_vs_none.csv,ae35ada14305b22d83f80ff2b3f19b6a245abfecb80156ea689089cc3cedd709,Authoritative frozen compact result used directly for Notebook 3 reporting.
5.1_diversity_accuracy,hotpotqa,SUMMARY,hotpotqa_phase51_em_secondary_summary.csv,.csv,96,PRIMARY_REPORTING,YES,/pfs/work9/workspace/scratch/ma_rthummar-context_matters_sprint3/context-matters-diversity-aware-rag-final-handoff/sprint3_evaluation/phase5/phase51_diversity_accuracy/hotpotqa_phase51_em_secondary_summary.csv,8e7e1c018d08bc1e78be7f0d288bf6b8edd5b0c09871b5881218505599930dab,Authoritative frozen compact result used directly for Notebook 3 reporting.
5.2_diversity_hallucination,cross_dataset,SUMMARY,phase52_operating_point_summary.csv,.csv,264,PRIMARY_REPORTING,YES,/pfs/work9/workspace/scratch/ma_rthummar-context_matters_sprint3/context-matters-diversity-aware-rag-final-handoff/sprint3_evaluation/phase5/phase52_diversity_faithfulness/phase52_operating_point_summary.csv,9c3e96cc7d7a6f486d2e0a759c50c6753f6c24b6bb7338952104d9a8f0f3f9d0,Authoritative frozen compact result used directly for Notebook 3 reporting.
5.2_diversity_hallucination,cross_dataset,SUMMARY,phase52_paired_summary_vs_none.csv,.csv,231,PRIMARY_REPORTING,YES,/pfs/work9/workspace/scratch/ma_rthummar-context_matters_sprint3/context-matters-diversity-aware-rag-final-handoff/sprint3_evaluation/phase5/phase52_diversity_faithfulness/phase52_paired_summary_vs_none.csv,f0add83b21ff93f7e3608c84bdf7c4d8a9cf27658e7454c9ab5384978c10926f,Authoritative frozen compact result used directly for Notebook 3 reporting.
5.3_context_output_diversity,cross_dataset,ASSOCIATION_RESULT,phase53_paired_delta_associations.csv,.csv,16,PRIMARY_REPORTING,YES,/pfs/work9/workspace/scratch/ma_rthummar-context_matters_sprint3/context-matters-diversity-aware-rag-final-handoff/sprint3_evaluation/phase5/phase53_context_output_diversity/phase53_paired_delta_associations.csv,e763538feb3147ddc860cdf9bc0e8602f54b47a167cf4ee29a662ebd041dbc90,Authoritative frozen compact result used directly for Notebook 3 reporting.
5.3_context_output_diversity,cross_dataset,ASSOCIATION_RESULT,phase53_row_level_associations.csv,.csv,16,PRIMARY_REPORTING,YES,/pfs/work9/workspace/scratch/ma_rthummar-context_matters_sprint3/context-matters-diversity-aware-rag-final-handoff/sprint3_evaluation/phase5/phase53_context_output_diversity/phase53_row_level_associations.csv,cdd6b195f2799cbb8076859aa8ce70925f0fd0c1a7894e2a95c1de821213a31e,Authoritative frozen compact result used directly for Notebook 3 reporting.
5.3_context_output_diversity,cross_dataset,SUMMARY,phase53_operating_point_summary.csv,.csv,72,PRIMARY_REPORTING,YES,/pfs/work9/workspace/scratch/ma_rthummar-context_matters_sprint3/context-matters-diversity-aware-rag-final-handoff/sprint3_evaluation/phase5/phase53_context_output_diversity/phase53_operating_point_summary.csv,0ff36101cbb78ca5457867d869711559943f046dc1910ebb48120f5f5c02cc76,Authoritative frozen compact result used directly for Notebook 3 reporting.
5.3_context_output_diversity,cross_dataset,SUMMARY,phase53_paired_summary_vs_none.csv,.csv,63,PRIMARY_REPORTING,YES,/pfs/work9/workspace/scratch/ma_rthummar-context_matters_sprint3/context-matters-diversity-aware-rag-final-handoff/sprint3_evaluation/phase5/phase53_context_output_diversity/phase53_paired_summary_vs_none.csv,168d4154f6beb074e73d262e178c27366e950a0434fad5bd249df31517a51d9a,Authoritative frozen compact result used directly for Notebook 3 reporting.
5.4_paraphrase_robustness,asqa,RESULT_ARTIFACT,phase54_asqa_adjudication_batch01.csv,.csv,1,WORKFLOW_EXCLUDED,NO,/pfs/work9/workspace/scratch/ma_rthummar-context_matters_sprint3/context-matters-diversity-aware-rag-final-handoff/sprint3_evaluation/phase5/phase54_paraphrase_robustness/artifacts/phase54_asqa_adjudication_batch01.csv,2c1018ef2305baae073ff1feac5e5ebfb19dd3ed62b4ed31b13b39d418ab4dfa,"Human authoring/review/adjudication workflow evidence; retained for audit, not final notebook metric reporting."
5.4_paraphrase_robustness,asqa,RESULT_ARTIFACT,phase54_asqa_adjudication_batch01_completed.csv,.csv,1,WORKFLOW_EXCLUDED,NO,/pfs/work9/workspace/scratch/ma_rthummar-context_matters_sprint3/context-matters-diversity-aware-rag-final-handoff/sprint3_evaluation/phase5/phase54_paraphrase_robustness/artifacts/phase54_asqa_adjudication_batch01_completed.csv,19b9b01b9c7ff75d7f64b316c2c390ba0dd613ed1a848416053da9bb4720eea9,"Human authoring/review/adjudication workflow evidence; retained for audit, not final notebook metric reporting."
5.4_paraphrase_robustness,asqa,RESULT_ARTIFACT,phase54_asqa_authoring_batch01.csv,.csv,30,WORKFLOW_EXCLUDED,NO,/pfs/work9/workspace/scratch/ma_rthummar-context_matters_sprint3/context-matters-diversity-aware-rag-final-handoff/sprint3_evaluation/phase5/phase54_paraphrase_robustness/artifacts/phase54_asqa_authoring_batch01.csv,1fb8b9577569073aad5e100e292bac0de776acfe50da1d00442ca99376bec5c0,"Human authoring/review/adjudication workflow evidence; retained for audit, not final notebook metric reporting."
5.4_paraphrase_robustness,asqa,RESULT_ARTIFACT,phase54_asqa_authoring_batch01_completed.csv,.csv,30,WORKFLOW_EXCLUDED,NO,/pfs/work9/workspace/scratch/ma_rthummar-context_matters_sprint3/context-matters-diversity-aware-rag-final-handoff/sprint3_evaluation/phase5/phase54_paraphrase_robustness/artifacts/phase54_asqa_authoring_batch01_completed.csv,52663c6a6165bcf3d7cca51f61a1d0aacfe227c250dc919e007828357381a2c6,"Human authoring/review/adjudication workflow evidence; retained for audit, not final notebook metric reporting."
5.4_paraphrase_robustness,asqa,RESULT_ARTIFACT,phase54_asqa_final_valid_pairs_v1.csv,.csv,30,VALIDATION_SUPPORT,NO,/pfs/work9/workspace/scratch/ma_rthummar-context_matters_sprint3/context-matters-diversity-aware-rag-final-handoff/sprint3_evaluation/phase5/phase54_paraphrase_robustness/artifacts/phase54_asqa_final_valid_pairs_v1.csv,ccbac6ec0891987272b0fb8e0e0b083a94d62923a541c0533495261ae182e093,Defines the 30 validated DEVELOPMENT paraphrase pairs; not the final robustness metric source.
5.4_paraphrase_robustness,asqa,RESULT_ARTIFACT,phase54_asqa_reviewer1_batch01.csv,.csv,30,WORKFLOW_EXCLUDED,NO,/pfs/work9/workspace/scratch/ma_rthummar-context_matters_sprint3/context-matters-diversity-aware-rag-final-handoff/sprint3_evaluation/phase5/phase54_paraphrase_robustness/artifacts/phase54_asqa_reviewer1_batch01.csv,692eac35e05b2bd13dec6d3de3965919c429c44a1a42898ccebe892131f79866,"Human authoring/review/adjudication workflow evidence; retained for audit, not final notebook metric reporting."
5.4_paraphrase_robustness,asqa,RESULT_ARTIFACT,phase54_asqa_reviewer1_batch01_completed.csv,.csv,30,WORKFLOW_EXCLUDED,NO,/pfs/work9/workspace/scratch/ma_rthummar-context_matters_sprint3/context-matters-diversity-aware-rag-final-handoff/sprint3_evaluation/phase5/phase54_paraphrase_robustness/artifacts/phase54_asqa_reviewer1_batch01_completed.csv,60b8cb931c2575b9c21fa34246b8ff1c6d72c3763c1809dd361949df1b2d8588,"Human authoring/review/adjudication workflow evidence; retained for audit, not final notebook metric reporting."
5.4_paraphrase_robustness,asqa,RESULT_ARTIFACT,phase54_asqa_reviewer2_batch01.csv,.csv,30,WORKFLOW_EXCLUDED,NO,/pfs/work9/workspace/scratch/ma_rthummar-context_matters_sprint3/context-matters-diversity-aware-rag-final-handoff/sprint3_evaluation/phase5/phase54_paraphrase_robustness/artifacts/phase54_asqa_reviewer2_batch01.csv,692eac35e05b2bd13dec6d3de3965919c429c44a1a42898ccebe892131f79866,"Human authoring/review/adjudication workflow evidence; retained for audit, not final notebook metric reporting."
5.4_paraphrase_robustness,asqa,RESULT_ARTIFACT,phase54_asqa_reviewer2_batch01_completed.csv,.csv,30,WORKFLOW_EXCLUDED,NO,/pfs/work9/workspace/scratch/ma_rthummar-context_matters_sprint3/context-matters-diversity-aware-rag-final-handoff/sprint3_evaluation/phase5/phase54_paraphrase_robustness/artifacts/phase54_asqa_reviewer2_batch01_completed.csv,1ff8c502733a8686b61d3c1eef105fb3cdde098bf7c9d20dd729a904434ae920,"Human authoring/review/adjudication workflow evidence; retained for audit, not final notebook metric reporting."
5.4_paraphrase_robustness,asqa,SUMMARY,phase54_asqa_robustness_summary_v1.json,.json,1,PRIMARY_REPORTING,YES,/pfs/work9/workspace/scratch/ma_rthummar-context_matters_sprint3/context-matters-diversity-aware-rag-final-handoff/sprint3_evaluation/phase5/phase54_paraphrase_robustness/artifacts/phase54_final_results_v1/phase54_asqa_robustness_summary_v1.json,4f500a8f73ce0dced42ac5371dc2872345d6f542bac8d7775e2c1e66a23019e5,Authoritative frozen compact result used directly for Notebook 3 reporting.
